ngrdcol,iterations,nz,tasks,total_runs,total,compute_i,baseline,advance_clubb_core_api,output_multi_col,mainloop,acc_data_copyin_r,runloop_r,mainloop_r,loop_init_r,advance_clubb_core_api_r,acc_data_create_r,i_loops_r,ik_loops_r,ik_loops_big_r,penta_lu_solve_multiple_rhs_lhs_r,tridiag_lu_solve_single_rhs_multiple_lhs_r,tridiag_lu_solve_multiple_rhs_lhs_r,fill_holes_r,penta_lu_solve_single_rhs_multiple_lhs_r,setup_pdf_parameters_r,SILHS_r,microphys_r,loop_end_r,output_multi_col_r
128,870,268,128,9,5.676520109176636,0.0006442148465204869,0.632317860921224,0.0,0.0,0.0,0.0,4.736,0.5261111111111112,0.013444444444444445,0.48188888888888887,0.00011111111111111112,0.00022222222222222223,0.027444444444444445,0.047,0.016444444444444442,0.0,0.008,0.007333333333333334,0.007,0.006111111111111111,0.005222222222222222,0.005333333333333333,0.005333333333333333,0.005222222222222222
256,870,268,128,8,7.847296714782715,0.0010430948830198968,0.5873563289642334,0.0,0.0,0.0,0.0,6.778,0.847125,0.016125,0.807,0.000125,0.00025,0.049625,0.067125,0.033,0.0,0.0155,0.0195,0.014,0.005,0.003875,0.004,0.004,0.003875
384,870,268,128,8,10.403981447219849,0.0014110834205744369,0.5828408400217692,0.0,0.0,0.0,0.0,9.592,1.19875,0.020875,1.15475,0.000125,0.00025,0.070375,0.115375,0.04975,0.0,0.023125,0.0295,0.021,0.005,0.00375,0.00375,0.003875,0.00375
512,870,268,128,7,8.057770013809204,0.0012203933896428585,0.6255742708841959,0.0,0.0,0.0,0.0,7.309,1.0438571428571428,0.016428571428571428,1.0027142857142857,0.00014285714285714287,0.00028571428571428574,0.040428571428571425,0.07828571428571429,0.07028571428571428,0.0,0.03257142857142857,0.04171428571428571,0.029714285714285714,0.005142857142857143,0.004,0.004,0.0041428571428571434,0.004
640,870,268,128,7,10.595662355422974,0.0016382316585179556,0.6188315550486246,0.0,0.0,0.0,0.0,9.825,1.4032857142857142,0.02157142857142857,1.357,0.00014285714285714287,0.00028571428571428574,0.061714285714285715,0.106,0.089,0.0,0.04114285714285714,0.052714285714285714,0.037571428571428575,0.005285714285714285,0.003857142857142857,0.004,0.0041428571428571434,0.003857142857142857
768,870,268,128,7,13.36655330657959,0.0020969416707607327,0.5961785316467285,0.0,0.0,0.0,0.0,12.528,1.7895714285714284,0.02914285714285714,1.733857142857143,0.00014285714285714287,0.00028571428571428574,0.08485714285714285,0.1362857142857143,0.10985714285714286,0.0,0.05042857142857143,0.06471428571428571,0.04585714285714286,0.006142857142857143,0.004,0.004,0.0041428571428571434,0.004
896,870,268,128,7,19.047805547714233,0.0030341571970721967,0.5697882175445557,0.0,0.0,0.0,0.0,16.297,2.3278571428571433,0.052142857142857144,2.245714285714286,0.00014285714285714287,0.0004285714285714286,0.11442857142857144,0.19157142857142856,0.13328571428571429,0.0,0.06,0.074,0.05357142857142857,0.007857142857142858,0.003857142857142857,0.004,0.004285714285714286,0.003857142857142857
1024,870,268,128,6,18.67049813270569,0.0034578184971864197,0.6206855773925781,0.0,0.0,0.0,0.0,17.367,2.894,0.09433333333333332,2.765333333333333,0.00016666666666666666,0.0005,0.1135,0.27299999999999996,0.18116666666666667,0.00016666666666666666,0.07433333333333333,0.08266666666666667,0.065,0.010333333333333333,0.003833333333333333,0.004166666666666667,0.0045,0.003833333333333333
1152,870,268,128,6,26.242040872573853,0.004908551079712303,0.6194042364756266,0.0,0.0,0.0,0.0,24.488,4.080666666666667,0.146,3.8985,0.00016666666666666666,0.0006666666666666666,0.1645,0.40650000000000003,0.23750000000000002,0.00016666666666666666,0.09100000000000001,0.09316666666666668,0.07683333333333334,0.011833333333333333,0.0035,0.004,0.0045,0.0036666666666666666
1280,870,268,128,6,34.548216581344604,0.006504043110790228,0.5971115430196127,0.0,0.0,0.0,0.0,32.746,5.456666666666667,0.208,5.210166666666667,0.00016666666666666666,0.001,0.22166666666666668,0.5626666666666666,0.295,0.00016666666666666666,0.11016666666666668,0.1045,0.09166666666666667,0.0135,0.0033333333333333335,0.003833333333333333,0.004666666666666667,0.0035
1408,870,268,128,6,41.86470818519592,0.007900999210498952,0.6214923063913981,0.0,0.0,0.0,0.0,40.399,6.732,0.2698333333333333,6.422,0.00016666666666666666,0.0011666666666666668,0.282,0.7355,0.3441666666666667,0.00016666666666666666,0.12483333333333334,0.11683333333333333,0.1145,0.0155,0.0033333333333333335,0.003833333333333333,0.004833333333333334,0.0033333333333333335
1536,870,268,128,6,49.05869960784912,0.009287464847053149,0.5781331062316895,0.0,0.0,0.0,0.0,47.954,7.990833333333334,0.32883333333333337,7.62,0.00016666666666666666,0.0013333333333333333,0.3153333333333333,0.9226666666666666,0.38833333333333336,0.00016666666666666666,0.13333333333333333,0.1305,0.131,0.016833333333333336,0.0031666666666666666,0.004,0.004833333333333334,0.0033333333333333335
1664,870,268,128,6,57.022791624069214,0.010805993594733538,0.61550505956014,0.0,0.0,0.0,0.0,55.943,9.322166666666666,0.3586666666666667,8.919500000000001,0.00016666666666666666,0.002,0.38116666666666665,1.0628333333333333,0.448,0.00016666666666666666,0.15583333333333335,0.13933333333333334,0.1745,0.017833333333333333,0.0031666666666666666,0.0045,0.005166666666666667,0.0033333333333333335
1792,870,268,128,6,64.5241346359253,0.012239411583653203,0.6344061692555746,0.0,0.0,0.0,0.0,63.455,10.574,0.39599999999999996,10.133666666666667,0.00016666666666666666,0.0021666666666666666,0.44716666666666666,1.2175,0.48300000000000004,0.00016666666666666666,0.16033333333333333,0.15166666666666667,0.18766666666666665,0.018,0.0031666666666666666,0.0045,0.005166666666666667,0.0033333333333333335
1920,870,268,128,6,71.60241389274597,0.013596482371309556,0.6287759145100912,0.0,0.0,0.0,0.0,70.54,11.754666666666667,0.4121666666666666,11.298,0.0003333333333333333,0.0023333333333333335,0.5061666666666667,1.3286666666666667,0.5415,0.00016666666666666666,0.17816666666666667,0.16733333333333333,0.2353333333333333,0.018166666666666668,0.0031666666666666666,0.0045,0.005333333333333333,0.0033333333333333335
2048,870,268,128,5,66.8620834350586,0.015228969658014874,0.6160654226938883,0.0,0.0,0.0,0.0,65.311,13.0602,0.43620000000000003,12.5792,0.0002,0.0028,0.567,1.4564,0.6008,0.0002,0.198,0.1712,0.252,0.0186,0.003,0.0048000000000000004,0.0052,0.0032
2304,870,268,128,5,79.55558562278748,0.018150256858474906,0.6019682884216309,0.0,0.0,0.0,0.0,78.403,15.678,0.4866,15.1448,0.0004,0.003,0.7154,1.7178,0.7016,0.0002,0.2242,0.1978,0.3004,0.0188,0.003,0.005,0.0054,0.0032
2560,870,268,128,5,92.93793296813965,0.021222641952193103,0.61944047609965,0.0,0.0,0.0,0.0,91.475,18.2922,0.5282,17.7168,0.0004,0.0034000000000000002,0.8635999999999999,1.9622,0.8044,0.0002,0.2606,0.2218,0.35459999999999997,0.0194,0.0032,0.0052,0.0056,0.0032
2816,870,268,128,5,107.38316822052002,0.02453804688435405,0.6426642735799154,0.0,0.0,0.0,0.0,105.785,21.154,0.5758,20.5306,0.0004,0.0036,1.0306,2.2214,0.9084,0.0002,0.29660000000000003,0.24820000000000003,0.39980000000000004,0.0198,0.0032,0.0052,0.0056,0.0032
3072,870,268,128,5,121.93609476089478,0.027883513622357012,0.6428105036417643,0.0,0.0,0.0,0.0,120.219,24.0402,0.6275999999999999,23.3642,0.0006000000000000001,0.004200000000000001,1.2246000000000001,2.5064,0.9734,0.0002,0.341,0.2726,0.4412,0.020200000000000003,0.003,0.0052,0.0058000000000000005,0.0032
3328,870,268,128,5,138.05369353294373,0.031596842561188325,0.6074283917744955,0.0,0.0,0.0,0.0,135.867,27.169600000000003,0.6826,26.437599999999996,0.0006000000000000001,0.0048000000000000004,1.3946,2.7616,1.1038000000000001,0.0004,0.383,0.3006,0.48200000000000004,0.0206,0.003,0.0052,0.0056,0.0032
3584,870,268,128,5,153.6364688873291,0.03517696583408049,0.6166675090789795,0.0,0.0,0.0,0.0,151.463,30.288400000000003,0.733,29.505200000000002,0.0006000000000000001,0.005,1.5888,3.0466,1.2292,0.0004,0.43179999999999996,0.323,0.5202,0.020999999999999998,0.003,0.0054,0.0058000000000000005,0.0032
3840,870,268,128,5,169.86837005615234,0.03887290335249627,0.7712404727935791,0.0,0.0,0.0,0.0,167.752,33.5462,0.7822,32.7134,0.0006000000000000001,0.0052,1.7675999999999998,3.3582,1.3554,0.0004,0.47759999999999997,0.3516,0.5614,0.0212,0.0032,0.0054,0.0058000000000000005,0.0032
4096,870,268,128,4,149.25436902046204,0.042712646220378944,0.6143601735432943,0.0,0.0,0.0,0.0,147.182,36.79075,0.82875,35.9115,0.00075,0.0055,1.96175,3.59425,1.5115,0.0005,0.56025,0.3915,0.708,0.02125,0.003,0.00525,0.006,0.00325
8192,870,268,128,3,288.60471367836,0.11030247978780461,0.7152414321899414,0.0,0.0,0.0,0.0,285.715,95.22933333333333,1.6286666666666667,93.54233333333333,0.0013333333333333333,0.009,5.4316666666666675,9.42,4.666333333333333,0.0013333333333333333,1.9403333333333332,0.7206666666666667,1.9716666666666667,0.023999999999999997,0.0029999999999999996,0.005666666666666667,0.006333333333333333,0.0029999999999999996
16384,870,268,128,2,482.6062078475952,0.2768675165614863,0.8567290306091309,0.0,0.0,0.0,0.0,478.486,239.224,3.7105,235.4505,0.0015,0.018,13.782,21.0965,11.593,0.003,5.4225,1.514,4.8245,0.026,0.003,0.006,0.0065,0.003
32768,870,268,128,1,559.2714636325836,0.6414845604549423,1.1798960367838542,0.0,0.0,0.0,0.0,553.538,553.491,8.023,545.401,0.002,0.033,29.914,43.097,34.382,0.01,14.841,5.088,14.21,0.027,0.003,0.006,0.007,0.003
65536,870,268,128,1,1236.8031866550446,1.4199737988212555,1.4259816805521648,0.0,0.0,0.0,0.0,1225.827,1225.724,15.378,1210.279,0.002,0.055,59.626,82.111,107.143,0.04,50.622,14.983,40.18,0.027,0.003,0.006,0.007,0.003

# Timing script options
# - ngrdcol_max = 65536
# - tasks = 128 -- results in a max of 512 columns per task
# - working dir = /glade/u/home/huebler/Code/clubb_performance_testing_feb25/clubb_7763_2x_intel/run_scripts
# - hostname = dec1980 : dec1980.de.hpc.ucar.edu
# - git hash = 5b0ecbcd973e5cb847d3e10a331f484975afa164
# - tweaked_params = C8,C6rt,C6thl,beta
# - gpu used = False
# - module list = ncarenv-basic/23.09:intel/2024.2.1:craype/2.7.31:ncarcompilers/1.0.0:gcc-toolchain/13.2.0:cray-mpich/8.1.29:hdf5/1.14.3:netcdf/4.9.2:gptl/8.1.1:conda/latest:intel-vtune/2024.2.1

# Metadata from clubb.in (the parameters listed are only the last set tested)
# &multicol_def
# ngrdcol = 512
# l_output_multi_col = .false.
# calls_per_out = 1
# /
# &clubb_params_nl
# C1 = 1.0, 1.0, 1.0, 1.0, 1.0, 1.0, 1.0, 1.0, 1.0, 1.0, 1.0, 1.0, 1.0, 1.0, 1.0, 1.0, 1.0, 1.0, 1.0, ... 1.0, 1.0, 1.0, 1.0, 1.0, 1.0, 1.0, 1.0, 1.0, 1.0, 1.0, 1.0, 1.0, 1.0, 1.0, 1.0, 1.0, 1.0, 1.0, 1.0
# C1b = 1.0, 1.0, 1.0, 1.0, 1.0, 1.0, 1.0, 1.0, 1.0, 1.0, 1.0, 1.0, 1.0, 1.0, 1.0, 1.0, 1.0, 1.0, 1.0,... 1.0, 1.0, 1.0, 1.0, 1.0, 1.0, 1.0, 1.0, 1.0, 1.0, 1.0, 1.0, 1.0, 1.0, 1.0, 1.0, 1.0, 1.0, 1.0, 1.0
# C1c = 1.0, 1.0, 1.0, 1.0, 1.0, 1.0, 1.0, 1.0, 1.0, 1.0, 1.0, 1.0, 1.0, 1.0, 1.0, 1.0, 1.0, 1.0, 1.0,... 1.0, 1.0, 1.0, 1.0, 1.0, 1.0, 1.0, 1.0, 1.0, 1.0, 1.0, 1.0, 1.0, 1.0, 1.0, 1.0, 1.0, 1.0, 1.0, 1.0
# C2rt = 2.0, 2.0, 2.0, 2.0, 2.0, 2.0, 2.0, 2.0, 2.0, 2.0, 2.0, 2.0, 2.0, 2.0, 2.0, 2.0, 2.0, 2.0, 2.0... 2.0, 2.0, 2.0, 2.0, 2.0, 2.0, 2.0, 2.0, 2.0, 2.0, 2.0, 2.0, 2.0, 2.0, 2.0, 2.0, 2.0, 2.0, 2.0, 2.0
# C2thl = 2.0, 2.0, 2.0, 2.0, 2.0, 2.0, 2.0, 2.0, 2.0, 2.0, 2.0, 2.0, 2.0, 2.0, 2.0, 2.0, 2.0, 2.0, 2.... 2.0, 2.0, 2.0, 2.0, 2.0, 2.0, 2.0, 2.0, 2.0, 2.0, 2.0, 2.0, 2.0, 2.0, 2.0, 2.0, 2.0, 2.0, 2.0, 2.0
# C2rtthl = 2.0, 2.0, 2.0, 2.0, 2.0, 2.0, 2.0, 2.0, 2.0, 2.0, 2.0, 2.0, 2.0, 2.0, 2.0, 2.0, 2.0, 2.0, ... 2.0, 2.0, 2.0, 2.0, 2.0, 2.0, 2.0, 2.0, 2.0, 2.0, 2.0, 2.0, 2.0, 2.0, 2.0, 2.0, 2.0, 2.0, 2.0, 2.0
# C4 = 2.0, 2.0, 2.0, 2.0, 2.0, 2.0, 2.0, 2.0, 2.0, 2.0, 2.0, 2.0, 2.0, 2.0, 2.0, 2.0, 2.0, 2.0, 2.0, ... 2.0, 2.0, 2.0, 2.0, 2.0, 2.0, 2.0, 2.0, 2.0, 2.0, 2.0, 2.0, 2.0, 2.0, 2.0, 2.0, 2.0, 2.0, 2.0, 2.0
# C_uu_shr = 0.4, 0.4, 0.4, 0.4, 0.4, 0.4, 0.4, 0.4, 0.4, 0.4, 0.4, 0.4, 0.4, 0.4, 0.4, 0.4, 0.4, 0.4,... 0.4, 0.4, 0.4, 0.4, 0.4, 0.4, 0.4, 0.4, 0.4, 0.4, 0.4, 0.4, 0.4, 0.4, 0.4, 0.4, 0.4, 0.4, 0.4, 0.4
# C_uu_buoy = 0.3, 0.3, 0.3, 0.3, 0.3, 0.3, 0.3, 0.3, 0.3, 0.3, 0.3, 0.3, 0.3, 0.3, 0.3, 0.3, 0.3, 0.3... 0.3, 0.3, 0.3, 0.3, 0.3, 0.3, 0.3, 0.3, 0.3, 0.3, 0.3, 0.3, 0.3, 0.3, 0.3, 0.3, 0.3, 0.3, 0.3, 0.3
# C6rt = 1.0, 1.00587084148728, 1.0117416829745598, 1.0176125244618395, 1.0234833659491194, 1.02935420..., 3.9706457925636007, 3.9765166340508804, 3.98238747553816, 3.98825831702544, 3.99412915851272, 4.0
# C6rtb = 2.0, 2.0, 2.0, 2.0, 2.0, 2.0, 2.0, 2.0, 2.0, 2.0, 2.0, 2.0, 2.0, 2.0, 2.0, 2.0, 2.0, 2.0, 2.... 2.0, 2.0, 2.0, 2.0, 2.0, 2.0, 2.0, 2.0, 2.0, 2.0, 2.0, 2.0, 2.0, 2.0, 2.0, 2.0, 2.0, 2.0, 2.0, 2.0
# C6rtc = 1.0, 1.0, 1.0, 1.0, 1.0, 1.0, 1.0, 1.0, 1.0, 1.0, 1.0, 1.0, 1.0, 1.0, 1.0, 1.0, 1.0, 1.0, 1.... 1.0, 1.0, 1.0, 1.0, 1.0, 1.0, 1.0, 1.0, 1.0, 1.0, 1.0, 1.0, 1.0, 1.0, 1.0, 1.0, 1.0, 1.0, 1.0, 1.0
# C6thl = 1.0, 1.00587084148728, 1.0117416829745598, 1.0176125244618395, 1.0234833659491194, 1.0293542..., 3.9706457925636007, 3.9765166340508804, 3.98238747553816, 3.98825831702544, 3.99412915851272, 4.0
# C6thlb = 2.0, 2.0, 2.0, 2.0, 2.0, 2.0, 2.0, 2.0, 2.0, 2.0, 2.0, 2.0, 2.0, 2.0, 2.0, 2.0, 2.0, 2.0, 2... 2.0, 2.0, 2.0, 2.0, 2.0, 2.0, 2.0, 2.0, 2.0, 2.0, 2.0, 2.0, 2.0, 2.0, 2.0, 2.0, 2.0, 2.0, 2.0, 2.0
# C6thlc = 1.0, 1.0, 1.0, 1.0, 1.0, 1.0, 1.0, 1.0, 1.0, 1.0, 1.0, 1.0, 1.0, 1.0, 1.0, 1.0, 1.0, 1.0, 1... 1.0, 1.0, 1.0, 1.0, 1.0, 1.0, 1.0, 1.0, 1.0, 1.0, 1.0, 1.0, 1.0, 1.0, 1.0, 1.0, 1.0, 1.0, 1.0, 1.0
# C7 = 0.5, 0.5, 0.5, 0.5, 0.5, 0.5, 0.5, 0.5, 0.5, 0.5, 0.5, 0.5, 0.5, 0.5, 0.5, 0.5, 0.5, 0.5, 0.5, ... 0.5, 0.5, 0.5, 0.5, 0.5, 0.5, 0.5, 0.5, 0.5, 0.5, 0.5, 0.5, 0.5, 0.5, 0.5, 0.5, 0.5, 0.5, 0.5, 0.5
# C7b = 0.5, 0.5, 0.5, 0.5, 0.5, 0.5, 0.5, 0.5, 0.5, 0.5, 0.5, 0.5, 0.5, 0.5, 0.5, 0.5, 0.5, 0.5, 0.5,... 0.5, 0.5, 0.5, 0.5, 0.5, 0.5, 0.5, 0.5, 0.5, 0.5, 0.5, 0.5, 0.5, 0.5, 0.5, 0.5, 0.5, 0.5, 0.5, 0.5
# C7c = 0.5, 0.5, 0.5, 0.5, 0.5, 0.5, 0.5, 0.5, 0.5, 0.5, 0.5, 0.5, 0.5, 0.5, 0.5, 0.5, 0.5, 0.5, 0.5,... 0.5, 0.5, 0.5, 0.5, 0.5, 0.5, 0.5, 0.5, 0.5, 0.5, 0.5, 0.5, 0.5, 0.5, 0.5, 0.5, 0.5, 0.5, 0.5, 0.5
# C8 = 0.25, 0.25146771037182, 0.25293542074363995, 0.25440313111545987, 0.25587084148727984, 0.257338..., 0.9926614481409002, 0.9941291585127201, 0.99559686888454, 0.99706457925636, 0.99853228962818, 1.0
# C8b = 0.02, 0.02, 0.02, 0.02, 0.02, 0.02, 0.02, 0.02, 0.02, 0.02, 0.02, 0.02, 0.02, 0.02, 0.02, 0.02....02, 0.02, 0.02, 0.02, 0.02, 0.02, 0.02, 0.02, 0.02, 0.02, 0.02, 0.02, 0.02, 0.02, 0.02, 0.02, 0.02
# C11 = 0.4, 0.4, 0.4, 0.4, 0.4, 0.4, 0.4, 0.4, 0.4, 0.4, 0.4, 0.4, 0.4, 0.4, 0.4, 0.4, 0.4, 0.4, 0.4,... 0.4, 0.4, 0.4, 0.4, 0.4, 0.4, 0.4, 0.4, 0.4, 0.4, 0.4, 0.4, 0.4, 0.4, 0.4, 0.4, 0.4, 0.4, 0.4, 0.4
# C11b = 0.4, 0.4, 0.4, 0.4, 0.4, 0.4, 0.4, 0.4, 0.4, 0.4, 0.4, 0.4, 0.4, 0.4, 0.4, 0.4, 0.4, 0.4, 0.4... 0.4, 0.4, 0.4, 0.4, 0.4, 0.4, 0.4, 0.4, 0.4, 0.4, 0.4, 0.4, 0.4, 0.4, 0.4, 0.4, 0.4, 0.4, 0.4, 0.4
# C11c = 0.5, 0.5, 0.5, 0.5, 0.5, 0.5, 0.5, 0.5, 0.5, 0.5, 0.5, 0.5, 0.5, 0.5, 0.5, 0.5, 0.5, 0.5, 0.5... 0.5, 0.5, 0.5, 0.5, 0.5, 0.5, 0.5, 0.5, 0.5, 0.5, 0.5, 0.5, 0.5, 0.5, 0.5, 0.5, 0.5, 0.5, 0.5, 0.5
# C12 = 1.0, 1.0, 1.0, 1.0, 1.0, 1.0, 1.0, 1.0, 1.0, 1.0, 1.0, 1.0, 1.0, 1.0, 1.0, 1.0, 1.0, 1.0, 1.0,... 1.0, 1.0, 1.0, 1.0, 1.0, 1.0, 1.0, 1.0, 1.0, 1.0, 1.0, 1.0, 1.0, 1.0, 1.0, 1.0, 1.0, 1.0, 1.0, 1.0
# C14 = 1.0, 1.0, 1.0, 1.0, 1.0, 1.0, 1.0, 1.0, 1.0, 1.0, 1.0, 1.0, 1.0, 1.0, 1.0, 1.0, 1.0, 1.0, 1.0,... 1.0, 1.0, 1.0, 1.0, 1.0, 1.0, 1.0, 1.0, 1.0, 1.0, 1.0, 1.0, 1.0, 1.0, 1.0, 1.0, 1.0, 1.0, 1.0, 1.0
# C_wp2_pr_dfsn = 0.0, 0.0, 0.0, 0.0, 0.0, 0.0, 0.0, 0.0, 0.0, 0.0, 0.0, 0.0, 0.0, 0.0, 0.0, 0.0, 0.0,... 0.0, 0.0, 0.0, 0.0, 0.0, 0.0, 0.0, 0.0, 0.0, 0.0, 0.0, 0.0, 0.0, 0.0, 0.0, 0.0, 0.0, 0.0, 0.0, 0.0
# C_wp3_pr_tp = 0.0, 0.0, 0.0, 0.0, 0.0, 0.0, 0.0, 0.0, 0.0, 0.0, 0.0, 0.0, 0.0, 0.0, 0.0, 0.0, 0.0, 0... 0.0, 0.0, 0.0, 0.0, 0.0, 0.0, 0.0, 0.0, 0.0, 0.0, 0.0, 0.0, 0.0, 0.0, 0.0, 0.0, 0.0, 0.0, 0.0, 0.0
# C_wp3_pr_turb = 1.0, 1.0, 1.0, 1.0, 1.0, 1.0, 1.0, 1.0, 1.0, 1.0, 1.0, 1.0, 1.0, 1.0, 1.0, 1.0, 1.0,... 1.0, 1.0, 1.0, 1.0, 1.0, 1.0, 1.0, 1.0, 1.0, 1.0, 1.0, 1.0, 1.0, 1.0, 1.0, 1.0, 1.0, 1.0, 1.0, 1.0
# C_wp3_pr_dfsn = 0.0, 0.0, 0.0, 0.0, 0.0, 0.0, 0.0, 0.0, 0.0, 0.0, 0.0, 0.0, 0.0, 0.0, 0.0, 0.0, 0.0,... 0.0, 0.0, 0.0, 0.0, 0.0, 0.0, 0.0, 0.0, 0.0, 0.0, 0.0, 0.0, 0.0, 0.0, 0.0, 0.0, 0.0, 0.0, 0.0, 0.0
# C_wp2_splat = 0.0, 0.0, 0.0, 0.0, 0.0, 0.0, 0.0, 0.0, 0.0, 0.0, 0.0, 0.0, 0.0, 0.0, 0.0, 0.0, 0.0, 0... 0.0, 0.0, 0.0, 0.0, 0.0, 0.0, 0.0, 0.0, 0.0, 0.0, 0.0, 0.0, 0.0, 0.0, 0.0, 0.0, 0.0, 0.0, 0.0, 0.0
# C6rt_Lscale0 = 14.0, 14.0, 14.0, 14.0, 14.0, 14.0, 14.0, 14.0, 14.0, 14.0, 14.0, 14.0, 14.0, 14.0, 1...4.0, 14.0, 14.0, 14.0, 14.0, 14.0, 14.0, 14.0, 14.0, 14.0, 14.0, 14.0, 14.0, 14.0, 14.0, 14.0, 14.0
# C6thl_Lscale0 = 14.0, 14.0, 14.0, 14.0, 14.0, 14.0, 14.0, 14.0, 14.0, 14.0, 14.0, 14.0, 14.0, 14.0, ...4.0, 14.0, 14.0, 14.0, 14.0, 14.0, 14.0, 14.0, 14.0, 14.0, 14.0, 14.0, 14.0, 14.0, 14.0, 14.0, 14.0
# C7_Lscale0 = 0.85, 0.85, 0.85, 0.85, 0.85, 0.85, 0.85, 0.85, 0.85, 0.85, 0.85, 0.85, 0.85, 0.85, 0.8....85, 0.85, 0.85, 0.85, 0.85, 0.85, 0.85, 0.85, 0.85, 0.85, 0.85, 0.85, 0.85, 0.85, 0.85, 0.85, 0.85
# wpxp_L_thresh = 60.0, 60.0, 60.0, 60.0, 60.0, 60.0, 60.0, 60.0, 60.0, 60.0, 60.0, 60.0, 60.0, 60.0, ...0.0, 60.0, 60.0, 60.0, 60.0, 60.0, 60.0, 60.0, 60.0, 60.0, 60.0, 60.0, 60.0, 60.0, 60.0, 60.0, 60.0
# c_K = 0.2, 0.2, 0.2, 0.2, 0.2, 0.2, 0.2, 0.2, 0.2, 0.2, 0.2, 0.2, 0.2, 0.2, 0.2, 0.2, 0.2, 0.2, 0.2,... 0.2, 0.2, 0.2, 0.2, 0.2, 0.2, 0.2, 0.2, 0.2, 0.2, 0.2, 0.2, 0.2, 0.2, 0.2, 0.2, 0.2, 0.2, 0.2, 0.2
# c_K1 = 0.2, 0.2, 0.2, 0.2, 0.2, 0.2, 0.2, 0.2, 0.2, 0.2, 0.2, 0.2, 0.2, 0.2, 0.2, 0.2, 0.2, 0.2, 0.2... 0.2, 0.2, 0.2, 0.2, 0.2, 0.2, 0.2, 0.2, 0.2, 0.2, 0.2, 0.2, 0.2, 0.2, 0.2, 0.2, 0.2, 0.2, 0.2, 0.2
# nu1 = 20.0, 20.0, 20.0, 20.0, 20.0, 20.0, 20.0, 20.0, 20.0, 20.0, 20.0, 20.0, 20.0, 20.0, 20.0, 20.0...0.0, 20.0, 20.0, 20.0, 20.0, 20.0, 20.0, 20.0, 20.0, 20.0, 20.0, 20.0, 20.0, 20.0, 20.0, 20.0, 20.0
# c_K2 = 0.025, 0.025, 0.025, 0.025, 0.025, 0.025, 0.025, 0.025, 0.025, 0.025, 0.025, 0.025, 0.025, 0....5, 0.025, 0.025, 0.025, 0.025, 0.025, 0.025, 0.025, 0.025, 0.025, 0.025, 0.025, 0.025, 0.025, 0.025
# nu2 = 1.0, 1.0, 1.0, 1.0, 1.0, 1.0, 1.0, 1.0, 1.0, 1.0, 1.0, 1.0, 1.0, 1.0, 1.0, 1.0, 1.0, 1.0, 1.0,... 1.0, 1.0, 1.0, 1.0, 1.0, 1.0, 1.0, 1.0, 1.0, 1.0, 1.0, 1.0, 1.0, 1.0, 1.0, 1.0, 1.0, 1.0, 1.0, 1.0
# c_K6 = 0.375, 0.375, 0.375, 0.375, 0.375, 0.375, 0.375, 0.375, 0.375, 0.375, 0.375, 0.375, 0.375, 0....5, 0.375, 0.375, 0.375, 0.375, 0.375, 0.375, 0.375, 0.375, 0.375, 0.375, 0.375, 0.375, 0.375, 0.375
# nu6 = 5.0, 5.0, 5.0, 5.0, 5.0, 5.0, 5.0, 5.0, 5.0, 5.0, 5.0, 5.0, 5.0, 5.0, 5.0, 5.0, 5.0, 5.0, 5.0,... 5.0, 5.0, 5.0, 5.0, 5.0, 5.0, 5.0, 5.0, 5.0, 5.0, 5.0, 5.0, 5.0, 5.0, 5.0, 5.0, 5.0, 5.0, 5.0, 5.0
# c_K8 = 5.0, 5.0, 5.0, 5.0, 5.0, 5.0, 5.0, 5.0, 5.0, 5.0, 5.0, 5.0, 5.0, 5.0, 5.0, 5.0, 5.0, 5.0, 5.0... 5.0, 5.0, 5.0, 5.0, 5.0, 5.0, 5.0, 5.0, 5.0, 5.0, 5.0, 5.0, 5.0, 5.0, 5.0, 5.0, 5.0, 5.0, 5.0, 5.0
# nu8 = 20.0, 20.0, 20.0, 20.0, 20.0, 20.0, 20.0, 20.0, 20.0, 20.0, 20.0, 20.0, 20.0, 20.0, 20.0, 20.0...0.0, 20.0, 20.0, 20.0, 20.0, 20.0, 20.0, 20.0, 20.0, 20.0, 20.0, 20.0, 20.0, 20.0, 20.0, 20.0, 20.0
# c_K9 = 0.1, 0.1, 0.1, 0.1, 0.1, 0.1, 0.1, 0.1, 0.1, 0.1, 0.1, 0.1, 0.1, 0.1, 0.1, 0.1, 0.1, 0.1, 0.1... 0.1, 0.1, 0.1, 0.1, 0.1, 0.1, 0.1, 0.1, 0.1, 0.1, 0.1, 0.1, 0.1, 0.1, 0.1, 0.1, 0.1, 0.1, 0.1, 0.1
# nu9 = 10.0, 10.0, 10.0, 10.0, 10.0, 10.0, 10.0, 10.0, 10.0, 10.0, 10.0, 10.0, 10.0, 10.0, 10.0, 10.0...0.0, 10.0, 10.0, 10.0, 10.0, 10.0, 10.0, 10.0, 10.0, 10.0, 10.0, 10.0, 10.0, 10.0, 10.0, 10.0, 10.0
# nu10 = 0.0, 0.0, 0.0, 0.0, 0.0, 0.0, 0.0, 0.0, 0.0, 0.0, 0.0, 0.0, 0.0, 0.0, 0.0, 0.0, 0.0, 0.0, 0.0... 0.0, 0.0, 0.0, 0.0, 0.0, 0.0, 0.0, 0.0, 0.0, 0.0, 0.0, 0.0, 0.0, 0.0, 0.0, 0.0, 0.0, 0.0, 0.0, 0.0
# c_K_hm = 0.75, 0.75, 0.75, 0.75, 0.75, 0.75, 0.75, 0.75, 0.75, 0.75, 0.75, 0.75, 0.75, 0.75, 0.75, 0....75, 0.75, 0.75, 0.75, 0.75, 0.75, 0.75, 0.75, 0.75, 0.75, 0.75, 0.75, 0.75, 0.75, 0.75, 0.75, 0.75
# c_K_hmb = 0.75, 0.75, 0.75, 0.75, 0.75, 0.75, 0.75, 0.75, 0.75, 0.75, 0.75, 0.75, 0.75, 0.75, 0.75, ....75, 0.75, 0.75, 0.75, 0.75, 0.75, 0.75, 0.75, 0.75, 0.75, 0.75, 0.75, 0.75, 0.75, 0.75, 0.75, 0.75
# K_hm_min_coef = 0.1, 0.1, 0.1, 0.1, 0.1, 0.1, 0.1, 0.1, 0.1, 0.1, 0.1, 0.1, 0.1, 0.1, 0.1, 0.1, 0.1,... 0.1, 0.1, 0.1, 0.1, 0.1, 0.1, 0.1, 0.1, 0.1, 0.1, 0.1, 0.1, 0.1, 0.1, 0.1, 0.1, 0.1, 0.1, 0.1, 0.1
# nu_hm = 1.5, 1.5, 1.5, 1.5, 1.5, 1.5, 1.5, 1.5, 1.5, 1.5, 1.5, 1.5, 1.5, 1.5, 1.5, 1.5, 1.5, 1.5, 1.... 1.5, 1.5, 1.5, 1.5, 1.5, 1.5, 1.5, 1.5, 1.5, 1.5, 1.5, 1.5, 1.5, 1.5, 1.5, 1.5, 1.5, 1.5, 1.5, 1.5
# slope_coef_spread_DG_means_w = 21.0, 21.0, 21.0, 21.0, 21.0, 21.0, 21.0, 21.0, 21.0, 21.0, 21.0, 21....1.0, 21.0, 21.0, 21.0, 21.0, 21.0, 21.0, 21.0, 21.0, 21.0, 21.0, 21.0, 21.0, 21.0, 21.0, 21.0, 21.0
# pdf_component_stdev_factor_w = 1.0, 1.0, 1.0, 1.0, 1.0, 1.0, 1.0, 1.0, 1.0, 1.0, 1.0, 1.0, 1.0, 1.0,... 1.0, 1.0, 1.0, 1.0, 1.0, 1.0, 1.0, 1.0, 1.0, 1.0, 1.0, 1.0, 1.0, 1.0, 1.0, 1.0, 1.0, 1.0, 1.0, 1.0
# coef_spread_DG_means_rt = 0.8, 0.8, 0.8, 0.8, 0.8, 0.8, 0.8, 0.8, 0.8, 0.8, 0.8, 0.8, 0.8, 0.8, 0.8,... 0.8, 0.8, 0.8, 0.8, 0.8, 0.8, 0.8, 0.8, 0.8, 0.8, 0.8, 0.8, 0.8, 0.8, 0.8, 0.8, 0.8, 0.8, 0.8, 0.8
# coef_spread_DG_means_thl = 0.8, 0.8, 0.8, 0.8, 0.8, 0.8, 0.8, 0.8, 0.8, 0.8, 0.8, 0.8, 0.8, 0.8, 0.8... 0.8, 0.8, 0.8, 0.8, 0.8, 0.8, 0.8, 0.8, 0.8, 0.8, 0.8, 0.8, 0.8, 0.8, 0.8, 0.8, 0.8, 0.8, 0.8, 0.8
# beta = 0.5, 0.50293542074364, 0.5058708414872799, 0.5088062622309197, 0.5117416829745597, 0.51467710..., 1.9853228962818004, 1.9882583170254402, 1.99119373776908, 1.99412915851272, 1.99706457925636, 2.0
# gamma_coef = 0.25, 0.25, 0.25, 0.25, 0.25, 0.25, 0.25, 0.25, 0.25, 0.25, 0.25, 0.25, 0.25, 0.25, 0.2....25, 0.25, 0.25, 0.25, 0.25, 0.25, 0.25, 0.25, 0.25, 0.25, 0.25, 0.25, 0.25, 0.25, 0.25, 0.25, 0.25
# gamma_coefb = 0.25, 0.25, 0.25, 0.25, 0.25, 0.25, 0.25, 0.25, 0.25, 0.25, 0.25, 0.25, 0.25, 0.25, 0.....25, 0.25, 0.25, 0.25, 0.25, 0.25, 0.25, 0.25, 0.25, 0.25, 0.25, 0.25, 0.25, 0.25, 0.25, 0.25, 0.25
# gamma_coefc = 5.0, 5.0, 5.0, 5.0, 5.0, 5.0, 5.0, 5.0, 5.0, 5.0, 5.0, 5.0, 5.0, 5.0, 5.0, 5.0, 5.0, 5... 5.0, 5.0, 5.0, 5.0, 5.0, 5.0, 5.0, 5.0, 5.0, 5.0, 5.0, 5.0, 5.0, 5.0, 5.0, 5.0, 5.0, 5.0, 5.0, 5.0
# taumax = 3600.0, 3600.0, 3600.0, 3600.0, 3600.0, 3600.0, 3600.0, 3600.0, 3600.0, 3600.0, 3600.0, 360...0.0, 3600.0, 3600.0, 3600.0, 3600.0, 3600.0, 3600.0, 3600.0, 3600.0, 3600.0, 3600.0, 3600.0, 3600.0
# lmin_coef = 0.5, 0.5, 0.5, 0.5, 0.5, 0.5, 0.5, 0.5, 0.5, 0.5, 0.5, 0.5, 0.5, 0.5, 0.5, 0.5, 0.5, 0.5... 0.5, 0.5, 0.5, 0.5, 0.5, 0.5, 0.5, 0.5, 0.5, 0.5, 0.5, 0.5, 0.5, 0.5, 0.5, 0.5, 0.5, 0.5, 0.5, 0.5
# omicron = 0.5, 0.5, 0.5, 0.5, 0.5, 0.5, 0.5, 0.5, 0.5, 0.5, 0.5, 0.5, 0.5, 0.5, 0.5, 0.5, 0.5, 0.5, ... 0.5, 0.5, 0.5, 0.5, 0.5, 0.5, 0.5, 0.5, 0.5, 0.5, 0.5, 0.5, 0.5, 0.5, 0.5, 0.5, 0.5, 0.5, 0.5, 0.5
# zeta_vrnce_rat = 0.0, 0.0, 0.0, 0.0, 0.0, 0.0, 0.0, 0.0, 0.0, 0.0, 0.0, 0.0, 0.0, 0.0, 0.0, 0.0, 0.0... 0.0, 0.0, 0.0, 0.0, 0.0, 0.0, 0.0, 0.0, 0.0, 0.0, 0.0, 0.0, 0.0, 0.0, 0.0, 0.0, 0.0, 0.0, 0.0, 0.0
# upsilon_precip_frac_rat = 0.55, 0.55, 0.55, 0.55, 0.55, 0.55, 0.55, 0.55, 0.55, 0.55, 0.55, 0.55, 0.....55, 0.55, 0.55, 0.55, 0.55, 0.55, 0.55, 0.55, 0.55, 0.55, 0.55, 0.55, 0.55, 0.55, 0.55, 0.55, 0.55
# lambda0_stability_coef = 0.03, 0.03, 0.03, 0.03, 0.03, 0.03, 0.03, 0.03, 0.03, 0.03, 0.03, 0.03, 0.0....03, 0.03, 0.03, 0.03, 0.03, 0.03, 0.03, 0.03, 0.03, 0.03, 0.03, 0.03, 0.03, 0.03, 0.03, 0.03, 0.03
# mult_coef = 0.5, 0.5, 0.5, 0.5, 0.5, 0.5, 0.5, 0.5, 0.5, 0.5, 0.5, 0.5, 0.5, 0.5, 0.5, 0.5, 0.5, 0.5... 0.5, 0.5, 0.5, 0.5, 0.5, 0.5, 0.5, 0.5, 0.5, 0.5, 0.5, 0.5, 0.5, 0.5, 0.5, 0.5, 0.5, 0.5, 0.5, 0.5
# mu = 0.001, 0.001, 0.001, 0.001, 0.001, 0.001, 0.001, 0.001, 0.001, 0.001, 0.001, 0.001, 0.001, 0.00...1, 0.001, 0.001, 0.001, 0.001, 0.001, 0.001, 0.001, 0.001, 0.001, 0.001, 0.001, 0.001, 0.001, 0.001
# Lscale_mu_coef = 2.0, 2.0, 2.0, 2.0, 2.0, 2.0, 2.0, 2.0, 2.0, 2.0, 2.0, 2.0, 2.0, 2.0, 2.0, 2.0, 2.0... 2.0, 2.0, 2.0, 2.0, 2.0, 2.0, 2.0, 2.0, 2.0, 2.0, 2.0, 2.0, 2.0, 2.0, 2.0, 2.0, 2.0, 2.0, 2.0, 2.0
# Lscale_pert_coef = 0.1, 0.1, 0.1, 0.1, 0.1, 0.1, 0.1, 0.1, 0.1, 0.1, 0.1, 0.1, 0.1, 0.1, 0.1, 0.1, 0... 0.1, 0.1, 0.1, 0.1, 0.1, 0.1, 0.1, 0.1, 0.1, 0.1, 0.1, 0.1, 0.1, 0.1, 0.1, 0.1, 0.1, 0.1, 0.1, 0.1
# alpha_corr = 0.15, 0.15, 0.15, 0.15, 0.15, 0.15, 0.15, 0.15, 0.15, 0.15, 0.15, 0.15, 0.15, 0.15, 0.1....15, 0.15, 0.15, 0.15, 0.15, 0.15, 0.15, 0.15, 0.15, 0.15, 0.15, 0.15, 0.15, 0.15, 0.15, 0.15, 0.15
# Skw_denom_coef = 4.0, 4.0, 4.0, 4.0, 4.0, 4.0, 4.0, 4.0, 4.0, 4.0, 4.0, 4.0, 4.0, 4.0, 4.0, 4.0, 4.0... 4.0, 4.0, 4.0, 4.0, 4.0, 4.0, 4.0, 4.0, 4.0, 4.0, 4.0, 4.0, 4.0, 4.0, 4.0, 4.0, 4.0, 4.0, 4.0, 4.0
# c_K10 = 1.0, 1.0, 1.0, 1.0, 1.0, 1.0, 1.0, 1.0, 1.0, 1.0, 1.0, 1.0, 1.0, 1.0, 1.0, 1.0, 1.0, 1.0, 1.... 1.0, 1.0, 1.0, 1.0, 1.0, 1.0, 1.0, 1.0, 1.0, 1.0, 1.0, 1.0, 1.0, 1.0, 1.0, 1.0, 1.0, 1.0, 1.0, 1.0
# c_K10h = 1.0, 1.0, 1.0, 1.0, 1.0, 1.0, 1.0, 1.0, 1.0, 1.0, 1.0, 1.0, 1.0, 1.0, 1.0, 1.0, 1.0, 1.0, 1... 1.0, 1.0, 1.0, 1.0, 1.0, 1.0, 1.0, 1.0, 1.0, 1.0, 1.0, 1.0, 1.0, 1.0, 1.0, 1.0, 1.0, 1.0, 1.0, 1.0
# thlp2_rad_coef = 1.0, 1.0, 1.0, 1.0, 1.0, 1.0, 1.0, 1.0, 1.0, 1.0, 1.0, 1.0, 1.0, 1.0, 1.0, 1.0, 1.0... 1.0, 1.0, 1.0, 1.0, 1.0, 1.0, 1.0, 1.0, 1.0, 1.0, 1.0, 1.0, 1.0, 1.0, 1.0, 1.0, 1.0, 1.0, 1.0, 1.0
# thlp2_rad_cloud_frac_thresh = 0.1, 0.1, 0.1, 0.1, 0.1, 0.1, 0.1, 0.1, 0.1, 0.1, 0.1, 0.1, 0.1, 0.1, ... 0.1, 0.1, 0.1, 0.1, 0.1, 0.1, 0.1, 0.1, 0.1, 0.1, 0.1, 0.1, 0.1, 0.1, 0.1, 0.1, 0.1, 0.1, 0.1, 0.1
# up2_sfc_coef = 4.0, 4.0, 4.0, 4.0, 4.0, 4.0, 4.0, 4.0, 4.0, 4.0, 4.0, 4.0, 4.0, 4.0, 4.0, 4.0, 4.0, ... 4.0, 4.0, 4.0, 4.0, 4.0, 4.0, 4.0, 4.0, 4.0, 4.0, 4.0, 4.0, 4.0, 4.0, 4.0, 4.0, 4.0, 4.0, 4.0, 4.0
# Skw_max_mag = 10.0, 10.0, 10.0, 10.0, 10.0, 10.0, 10.0, 10.0, 10.0, 10.0, 10.0, 10.0, 10.0, 10.0, 10...0.0, 10.0, 10.0, 10.0, 10.0, 10.0, 10.0, 10.0, 10.0, 10.0, 10.0, 10.0, 10.0, 10.0, 10.0, 10.0, 10.0
# C_invrs_tau_bkgnd = 1.1, 1.1, 1.1, 1.1, 1.1, 1.1, 1.1, 1.1, 1.1, 1.1, 1.1, 1.1, 1.1, 1.1, 1.1, 1.1, ... 1.1, 1.1, 1.1, 1.1, 1.1, 1.1, 1.1, 1.1, 1.1, 1.1, 1.1, 1.1, 1.1, 1.1, 1.1, 1.1, 1.1, 1.1, 1.1, 1.1
# C_invrs_tau_sfc = 0.1, 0.1, 0.1, 0.1, 0.1, 0.1, 0.1, 0.1, 0.1, 0.1, 0.1, 0.1, 0.1, 0.1, 0.1, 0.1, 0.... 0.1, 0.1, 0.1, 0.1, 0.1, 0.1, 0.1, 0.1, 0.1, 0.1, 0.1, 0.1, 0.1, 0.1, 0.1, 0.1, 0.1, 0.1, 0.1, 0.1
# C_invrs_tau_shear = 0.15, 0.15, 0.15, 0.15, 0.15, 0.15, 0.15, 0.15, 0.15, 0.15, 0.15, 0.15, 0.15, 0.....15, 0.15, 0.15, 0.15, 0.15, 0.15, 0.15, 0.15, 0.15, 0.15, 0.15, 0.15, 0.15, 0.15, 0.15, 0.15, 0.15
# C_invrs_tau_N2 = 0.4, 0.4, 0.4, 0.4, 0.4, 0.4, 0.4, 0.4, 0.4, 0.4, 0.4, 0.4, 0.4, 0.4, 0.4, 0.4, 0.4... 0.4, 0.4, 0.4, 0.4, 0.4, 0.4, 0.4, 0.4, 0.4, 0.4, 0.4, 0.4, 0.4, 0.4, 0.4, 0.4, 0.4, 0.4, 0.4, 0.4
# C_invrs_tau_N2_wp2 = 0.2, 0.2, 0.2, 0.2, 0.2, 0.2, 0.2, 0.2, 0.2, 0.2, 0.2, 0.2, 0.2, 0.2, 0.2, 0.2,... 0.2, 0.2, 0.2, 0.2, 0.2, 0.2, 0.2, 0.2, 0.2, 0.2, 0.2, 0.2, 0.2, 0.2, 0.2, 0.2, 0.2, 0.2, 0.2, 0.2
# C_invrs_tau_N2_xp2 = 0.05, 0.05, 0.05, 0.05, 0.05, 0.05, 0.05, 0.05, 0.05, 0.05, 0.05, 0.05, 0.05, 0....05, 0.05, 0.05, 0.05, 0.05, 0.05, 0.05, 0.05, 0.05, 0.05, 0.05, 0.05, 0.05, 0.05, 0.05, 0.05, 0.05
# C_invrs_tau_N2_wpxp = 0.0, 0.0, 0.0, 0.0, 0.0, 0.0, 0.0, 0.0, 0.0, 0.0, 0.0, 0.0, 0.0, 0.0, 0.0, 0.0... 0.0, 0.0, 0.0, 0.0, 0.0, 0.0, 0.0, 0.0, 0.0, 0.0, 0.0, 0.0, 0.0, 0.0, 0.0, 0.0, 0.0, 0.0, 0.0, 0.0
# C_invrs_tau_N2_clear_wp3 = 1.0, 1.0, 1.0, 1.0, 1.0, 1.0, 1.0, 1.0, 1.0, 1.0, 1.0, 1.0, 1.0, 1.0, 1.0... 1.0, 1.0, 1.0, 1.0, 1.0, 1.0, 1.0, 1.0, 1.0, 1.0, 1.0, 1.0, 1.0, 1.0, 1.0, 1.0, 1.0, 1.0, 1.0, 1.0
# C_invrs_tau_wpxp_Ri = 0.35, 0.35, 0.35, 0.35, 0.35, 0.35, 0.35, 0.35, 0.35, 0.35, 0.35, 0.35, 0.35, ....35, 0.35, 0.35, 0.35, 0.35, 0.35, 0.35, 0.35, 0.35, 0.35, 0.35, 0.35, 0.35, 0.35, 0.35, 0.35, 0.35
# C_invrs_tau_wpxp_N2_thresh = 0.00033, 0.00033, 0.00033, 0.00033, 0.00033, 0.00033, 0.00033, 0.00033,..., 0.00033, 0.00033, 0.00033, 0.00033, 0.00033, 0.00033, 0.00033, 0.00033, 0.00033, 0.00033, 0.00033
# xp3_coef_base = 0.25, 0.25, 0.25, 0.25, 0.25, 0.25, 0.25, 0.25, 0.25, 0.25, 0.25, 0.25, 0.25, 0.25, ....25, 0.25, 0.25, 0.25, 0.25, 0.25, 0.25, 0.25, 0.25, 0.25, 0.25, 0.25, 0.25, 0.25, 0.25, 0.25, 0.25
# xp3_coef_slope = 0.01, 0.01, 0.01, 0.01, 0.01, 0.01, 0.01, 0.01, 0.01, 0.01, 0.01, 0.01, 0.01, 0.01,....01, 0.01, 0.01, 0.01, 0.01, 0.01, 0.01, 0.01, 0.01, 0.01, 0.01, 0.01, 0.01, 0.01, 0.01, 0.01, 0.01
# altitude_threshold = 100.0, 100.0, 100.0, 100.0, 100.0, 100.0, 100.0, 100.0, 100.0, 100.0, 100.0, 10...0, 100.0, 100.0, 100.0, 100.0, 100.0, 100.0, 100.0, 100.0, 100.0, 100.0, 100.0, 100.0, 100.0, 100.0
# rtp2_clip_coef = 0.5, 0.5, 0.5, 0.5, 0.5, 0.5, 0.5, 0.5, 0.5, 0.5, 0.5, 0.5, 0.5, 0.5, 0.5, 0.5, 0.5... 0.5, 0.5, 0.5, 0.5, 0.5, 0.5, 0.5, 0.5, 0.5, 0.5, 0.5, 0.5, 0.5, 0.5, 0.5, 0.5, 0.5, 0.5, 0.5, 0.5
# Richardson_num_min = 0.25, 0.25, 0.25, 0.25, 0.25, 0.25, 0.25, 0.25, 0.25, 0.25, 0.25, 0.25, 0.25, 0....25, 0.25, 0.25, 0.25, 0.25, 0.25, 0.25, 0.25, 0.25, 0.25, 0.25, 0.25, 0.25, 0.25, 0.25, 0.25, 0.25
# Richardson_num_max = 400.0, 400.0, 400.0, 400.0, 400.0, 400.0, 400.0, 400.0, 400.0, 400.0, 400.0, 40...0, 400.0, 400.0, 400.0, 400.0, 400.0, 400.0, 400.0, 400.0, 400.0, 400.0, 400.0, 400.0, 400.0, 400.0
# Cx_min = 0.33, 0.33, 0.33, 0.33, 0.33, 0.33, 0.33, 0.33, 0.33, 0.33, 0.33, 0.33, 0.33, 0.33, 0.33, 0....33, 0.33, 0.33, 0.33, 0.33, 0.33, 0.33, 0.33, 0.33, 0.33, 0.33, 0.33, 0.33, 0.33, 0.33, 0.33, 0.33
# Cx_max = 0.95, 0.95, 0.95, 0.95, 0.95, 0.95, 0.95, 0.95, 0.95, 0.95, 0.95, 0.95, 0.95, 0.95, 0.95, 0....95, 0.95, 0.95, 0.95, 0.95, 0.95, 0.95, 0.95, 0.95, 0.95, 0.95, 0.95, 0.95, 0.95, 0.95, 0.95, 0.95
# a3_coef_min = 1.0, 1.0, 1.0, 1.0, 1.0, 1.0, 1.0, 1.0, 1.0, 1.0, 1.0, 1.0, 1.0, 1.0, 1.0, 1.0, 1.0, 1... 1.0, 1.0, 1.0, 1.0, 1.0, 1.0, 1.0, 1.0, 1.0, 1.0, 1.0, 1.0, 1.0, 1.0, 1.0, 1.0, 1.0, 1.0, 1.0, 1.0
# a_const = 1.8, 1.8, 1.8, 1.8, 1.8, 1.8, 1.8, 1.8, 1.8, 1.8, 1.8, 1.8, 1.8, 1.8, 1.8, 1.8, 1.8, 1.8, ... 1.8, 1.8, 1.8, 1.8, 1.8, 1.8, 1.8, 1.8, 1.8, 1.8, 1.8, 1.8, 1.8, 1.8, 1.8, 1.8, 1.8, 1.8, 1.8, 1.8
# bv_efold = 5.0, 5.0, 5.0, 5.0, 5.0, 5.0, 5.0, 5.0, 5.0, 5.0, 5.0, 5.0, 5.0, 5.0, 5.0, 5.0, 5.0, 5.0,... 5.0, 5.0, 5.0, 5.0, 5.0, 5.0, 5.0, 5.0, 5.0, 5.0, 5.0, 5.0, 5.0, 5.0, 5.0, 5.0, 5.0, 5.0, 5.0, 5.0
# wpxp_Ri_exp = 0.5, 0.5, 0.5, 0.5, 0.5, 0.5, 0.5, 0.5, 0.5, 0.5, 0.5, 0.5, 0.5, 0.5, 0.5, 0.5, 0.5, 0... 0.5, 0.5, 0.5, 0.5, 0.5, 0.5, 0.5, 0.5, 0.5, 0.5, 0.5, 0.5, 0.5, 0.5, 0.5, 0.5, 0.5, 0.5, 0.5, 0.5
# z_displace = 25.0, 25.0, 25.0, 25.0, 25.0, 25.0, 25.0, 25.0, 25.0, 25.0, 25.0, 25.0, 25.0, 25.0, 25....5.0, 25.0, 25.0, 25.0, 25.0, 25.0, 25.0, 25.0, 25.0, 25.0, 25.0, 25.0, 25.0, 25.0, 25.0, 25.0, 25.0
# /
# 
# &silhs_params_nl
# importance_prob_thresh = 1.0e-8
# vert_decorr_coef = 0.03
# /
# &configurable_clubb_flags_nl
# iiPDF_type                   = 1
# ipdf_call_placement          = 2
# penta_solve_method           = 2
# tridiag_solve_method         = 2
# saturation_formula           = 3
# 
# l_godunov_upwind_wpxp_ta     = .false.,
# l_upwind_xpyp_ta             = .true.,
# l_godunov_upwind_xpyp_ta     = .false.,
# l_upwind_xm_ma               = .true.,
# l_tke_aniso                  = .true.,
# l_vert_avg_closure           = .false.,
# l_standard_term_ta           = .false.,
# l_partial_upwind_wp3         = .false.,
# l_use_cloud_cover            = .false.,
# l_rcm_supersat_adj           = .true.,
# l_damp_wp3_Skw_squared       = .true.,
# l_min_wp2_from_corr_wx       = .false.,
# l_min_xp2_from_corr_wx       = .true.,
# l_C2_cloud_frac              = .false.,
# l_predict_upwp_vpwp          = .true.,
# l_diag_Lscale_from_tau       = .false.,
# l_stability_correct_tau_zm   = .false.,
# l_damp_wp2_using_em          = .true.,
# l_use_C7_Richardson          = .true.,
# l_use_precip_frac            = .true.,
# l_do_expldiff_rtm_thlm       = .false.,
# l_use_C11_Richardson         = .false.,
# l_use_shear_Richardson       = .false.,
# l_prescribed_avg_deltaz      = .false.,
# l_diffuse_rtm_and_thlm       = .false.,
# l_stability_correct_Kh_N2_zm = .false.,
# l_trapezoidal_rule_zt        = .false.,
# l_trapezoidal_rule_zm        = .false.,
# l_call_pdf_closure_twice     = .false.,
# l_Lscale_plume_centered      = .false.,
# l_brunt_vaisala_freq_moist   = .false.,
# l_use_thvm_in_bv_freq        = .false.,
# l_lmm_stepping               = .false.,
# l_e3sm_config                = .false.,
# l_vary_convect_depth         = .false.,
# l_use_tke_in_wp3_pr_turb_term = .true.,
# l_use_tke_in_wp2_wp3_K_dfsn  = .false.,
# l_use_wp3_lim_with_smth_Heaviside = .false.,
# l_smooth_Heaviside_tau_wpxp  = .true.,
# l_modify_limiters_for_cnvg_test = .false.,
# l_enable_relaxed_clipping    = .false.,
# l_linearize_pbl_winds        = .false.,
# l_mono_flux_lim_thlm         = .true.,
# l_mono_flux_lim_rtm          = .true.,
# l_mono_flux_lim_um           = .true.,
# l_mono_flux_lim_vm           = .true.,
# l_mono_flux_lim_spikefix     = .true.,
# l_host_applies_sfc_fluxes    = .false.,
# l_wp2_fill_holes_tke         = .false.
# /
# 
# &configurable_silhs_flags_nl
# cluster_allocation_strategy = 3
# 
# l_lh_importance_sampling    = .true.
# l_Lscale_vert_avg           = .false.
# l_lh_straight_mc            = .false.
# l_lh_clustered_sampling     = .true.
# l_rcm_in_cloud_k_lh_start   = .true.
# l_random_k_lh_start         = .false.
# l_max_overlap_in_cloud      = .true.
# l_lh_instant_var_covar_src  = .true.
# l_lh_limit_weights          = .true.
# l_lh_var_frac               = .false.
# l_lh_normalize_weights      = .true.
# /
# 
# 
# 
# &model_setting
# 
# 
# 
# total_runs=1
# 
# runtype = "arm" 
# 
# 
# nzmax = 110       
# 
# grid_type = 1     
#                   
#                   
#                   
#                   
#                   
#                   
#                   
#                   
#                   
# 
# 
# 
# deltaz_nl  = 20.0    
# zm_init_nl = 0.0 
# zm_top_nl = 5350.0 
# 
# 
# 
# 
# 
# zt_grid_fname = ''
# 
# 
# 
# 
# 
# zm_grid_fname = ''
# 
# day   = 21    
# month = 6     
# year  = 1997  
# 
# lat_vals = 36.62  
# lon_vals = -97.5  
# 
# sfc_elevation_nl = 0.0     
# 
# time_initial = 41400.0  
# time_final = 93600.0    
# 
# dt_main    = 60.0   
# dt_rad = 60.0   
# 
# l_t_dependent = .true. 
#                        
# 
# 
# sfctype = 1      
#                  
#                  
#                  
#                  
#                  
# 
# p_sfc_nl = 970.e2    
# 
# fcor_nl = 8.5e-5    
# T0   = 300.      
# 
# 
# 
# 
# 
# 
# 
# 
# 
# thlm_sponge_damp_settings%l_sponge_damping = .false.
# thlm_sponge_damp_settings%tau_sponge_damp_min = 60. 
# thlm_sponge_damp_settings%tau_sponge_damp_max = 1800. 
# thlm_sponge_damp_settings%sponge_damp_depth = 0.25
# 
# rtm_sponge_damp_settings%l_sponge_damping = .false.
# rtm_sponge_damp_settings%tau_sponge_damp_min = 60. 
# rtm_sponge_damp_settings%tau_sponge_damp_max = 1800. 
# rtm_sponge_damp_settings%sponge_damp_depth = 0.25
# 
# uv_sponge_damp_settings%l_sponge_damping = .false.
# uv_sponge_damp_settings%tau_sponge_damp_min = 60. 
# uv_sponge_damp_settings%tau_sponge_damp_max = 1800. 
# uv_sponge_damp_settings%sponge_damp_depth = 0.25
# 
# l_restart      = .false.  
# 
# 
# restart_path_case  = "restart/arm"
# time_restart  = 0.0      
#                          
# 
# 
# 
# 
# 
# 
# debug_level = 0
# 
# 
# 
# 
# 
# sclr_dim   = 0  
# 
# iisclr_rt  = -1  
# iisclr_thl = -2 
# 
# sclr_tol_nl  = 1.e-2, 1.e-8 
# 
# 
# 
# 
# 
# edsclr_dim  = 0
# 
# iiedsclr_rt     = -1 
# iiedsclr_thl    = -2 
# 
# l_input_fields = .false.
# /
# 
# &gfdl_activation_setting
# 
# /
# 
# &microphysics_setting
# 
# 
# microphys_scheme = "none" 
# /
# 
# &radiation_setting
# 
# rad_scheme = "none",
# l_calc_thlp2_rad = .false.,
# /
# 
# &stats_setting
# 
# 
# 
# l_stats = .false.
# fname_prefix = "arm"    
# stats_tsamp  = 60.      
#                         
#                         
#                         
# stats_tout   = 60.      
# stats_fmt    = "netcdf"  
# 
# /
# 
# &setfields
# datafile = "../sam_benchmark_runs/ARM_96x96x110/GCSSARM_96x96x110_67m_40m_1s.nc"
# input_type = "SAM"  
# l_input_um = .true. 
# l_input_vm = .true.
# l_input_rtm = .true. 
# l_input_thlm = .true.
# l_input_wp2 = .true.
# l_input_wprtp = .true.
# l_input_wpthlp = .true.
# l_input_wp3 = .true.
# l_input_rtp2 = .true.
# l_input_thlp2 = .true.
# l_input_rtpthlp = .true.
# l_input_upwp = .true.
# l_input_vpwp = .true.
# l_input_rcm = .true.
# l_input_em = .true.
# l_input_p = .true.
# l_input_up2 = .true.
# l_input_vp2 = .true.
# /
# 
# 
# 
# 
# 
# 
# 
# 
# 
# 
# 
# 
# &statsnl
# 
# vars_zt = 
# 'thlm', 'thvm', 'rtm', 'rcm', 'rvm', 'um', 'vm', 'um_ref', 'vm_ref', 'wm_zt',
# 'ug', 'vg', 'cloud_frac', 'ice_supersat_frac', 'cloud_cover', 'rcm_in_layer',
# 'rcm_in_cloud', 'p_in_Pa', 'exner', 'rho_ds_zt', 'thv_ds_zt', 'Lscale', 'T_in_K',
# 'rel_humidity', 'wp3', 'thlp3', 'rtp3', 'wpthlp2', 'wp2thlp', 'wprtp2', 'wp2rtp', 'Skw_zt',
# 'Skthl_zt', 'Skrt_zt',
# 'Lscale_up', 'Lscale_down', 'tau_zt', 'Kh_zt', 'wp2thvp', 'wp2rcp', 'wp2hmp',
# 
# 'wprtpthlp', 'wpup2', 'wpvp2', 'rc_coef', 'Lscale_pert_1', 'Lscale_pert_2',
# 'sigma_sqd_w_zt', 'rho', 'radht', 'radht_LW', 'radht_SW',
# 'Ncm', 'Nc_in_cloud', 'Nc_activated', 'Nccnm', 'Nim', 'snowslope', 'Nsm', 'Ngm', 
# 'sed_rcm', 'rsat', 'rsati',
# 'rrm', 'Nrm', 'm_vol_rad_rain', 'm_vol_rad_cloud',
# 'eff_rad_cloud', 'eff_rad_ice', 'eff_rad_snow', 'eff_rad_rain', 'eff_rad_graupel',
# 'precip_rate_zt', 'rsm', 'rim', 'rgm',
# 'diam', 'mass_ice_cryst', 'rcm_icedfs', 'u_T_cm',
# 'rtm_bt', 'rtm_ma', 'rtm_ta', 'rtm_mfl', 'rtm_tacl', 'rtm_cl',
# 'rtm_forcing', 'rtm_sdmp', 'rtm_mc', 'rtm_pd', 'rvm_mc', 'rcm_mc', 'rcm_sd_mg_morr',
# 'thlm_bt', 'thlm_ma', 'thlm_ta', 'thlm_mfl', 'thlm_tacl', 'thlm_cl',
# 'thlm_forcing', 'thlm_sdmp', 'thlm_mc', 
# 'thlm_old', 'thlm_without_ta',
# 'thlm_mfl_min', 'thlm_mfl_max', 'thlm_enter_mfl', 'thlm_exit_mfl',
# 'rtm_old', 'rtm_without_ta',
# 'rtm_mfl_min', 'rtm_mfl_max', 'rtm_enter_mfl', 'rtm_exit_mfl',
# 'um_bt', 'um_ma', 'um_gf', 'um_cf', 'um_ta', 'um_f', 
# 'um_sdmp', 'um_ndg', 'um_mfl',
# 'vm_bt', 'vm_ma', 'vm_gf', 'vm_cf', 'vm_ta', 'vm_f', 
# 'vm_sdmp', 'vm_ndg', 'vm_mfl',
# 'wp3_bt', 'wp3_ma', 'wp3_ta', 'wp3_tp', 'wp3_ac', 'wp3_bp1', 'wp3_pr_turb', 'wp3_pr_dfsn',
# 'wp3_pr1', 'wp3_pr2', 'wp3_pr3', 'wp3_pr_tp', 'wp3_dp1', 'wp3_sdmp', 'wp3_cl', 'wp3_splat',
# 'rtp3_bt', 'rtp3_tp', 'rtp3_ac', 'rtp3_dp',
# 'thlp3_bt', 'thlp3_tp', 'thlp3_ac', 'thlp3_dp',
# 'rrm_bt', 'rrm_ma', 'rrm_sd', 'rrm_ts', 'rrm_sd_morr',
# 'rrm_ta', 'rrm_evap', 'rrm_auto', 'rrm_accr',
# 'rrm_evap_adj', 'rrm_src_adj',
# 'rrm_hf', 'rrm_wvhf', 'rrm_cl', 'rrm_mc',
# 'Nrm_bt', 'Nrm_ma', 'Nrm_sd', 'Nrm_ts', 'Nrm_ta', 'Nrm_evap', 'Nrm_auto',
# 'Nrm_evap_adj', 'Nrm_src_adj', 'Nrm_cl', 'Nrm_mc',
# 'Ncm_bt', 'Ncm_ma', 'Ncm_ta', 'Ncm_mc', 'Ncm_cl', 'Ncm_act',
# 'rsm_bt', 'rsm_ma', 'rsm_sd', 'rsm_sd_morr', 'rsm_ta', 'rsm_mc',
# 'rsm_hf', 'rsm_wvhf', 'rsm_cl',
# 'rim_bt', 'rim_ma', 'rim_sd', 'rim_sd_mg_morr', 'rim_ta', 'rim_mc',
# 'rim_hf', 'rim_wvhf', 'rim_cl',
# 'rgm_bt', 'rgm_ma', 'rgm_sd', 'rgm_sd_morr', 'rgm_ta',
# 'rgm_mc', 'rgm_hf', 'rgm_wvhf', 'rgm_cl',
# 'Nsm_bt', 'Nsm_mc', 'Nsm_ta', 'Nsm_ma', 'Nsm_sd', 'Nsm_cl', 
# 'Nim_bt', 'Nim_mc', 'Nim_ta', 'Nim_ma', 'Nim_sd', 'Nim_cl', 
# 'Ngm_bt', 'Ngm_mc', 'Ngm_ta', 'Ngm_ma', 'Ngm_sd', 'Ngm_cl',
# 'w_KK_evap_covar_zt', 'rt_KK_evap_covar_zt', 'thl_KK_evap_covar_zt', 
# 'w_KK_auto_covar_zt', 'rt_KK_auto_covar_zt', 'thl_KK_auto_covar_zt', 
# 'w_KK_accr_covar_zt', 'rt_KK_accr_covar_zt', 'thl_KK_accr_covar_zt',
# 'rr_KK_mvr_covar_zt', 'Nr_KK_mvr_covar_zt', 'KK_mvr_variance_zt',
# 'mixt_frac', 'w_1', 'w_2', 'varnce_w_1', 'varnce_w_2', 'thl_1', 'thl_2', 'varnce_thl_1', 'varnce_thl_2',
# 'rt_1', 'rt_2', 'varnce_rt_1', 'varnce_rt_2', 'rc_1', 'rc_2', 'rsatl_1', 'rsatl_2', 
# 'cloud_frac_1', 'cloud_frac_2', 'a3_coef_zt', 'wp3_on_wp2_zt',
# 'chi_1', 'chi_2', 'stdev_chi_1', 'stdev_chi_2', 'stdev_eta_1', 'stdev_eta_2',
# 'covar_chi_eta_1', 'covar_chi_eta_2', 'corr_w_chi_1', 'corr_w_chi_2',
# 'corr_w_eta_1', 'corr_w_eta_2', 'corr_chi_eta_1', 'corr_chi_eta_2',
# 'corr_w_rt_1', 'corr_w_rt_2', 'corr_w_thl_1', 'corr_w_thl_2',
# 'corr_rt_thl_1', 'corr_rt_thl_2', 'crt_1', 'crt_2', 'cthl_1', 'cthl_2',
# 'coef_wprtp2_implicit', 'term_wprtp2_explicit',
# 'coef_wpthlp2_implicit', 'term_wpthlp2_explicit',
# 'coef_wprtpthlp_implicit', 'term_wprtpthlp_explicit',
# 'coef_wp2rtp_implicit', 'term_wp2rtp_explicit',
# 'coef_wp2thlp_implicit', 'term_wp2thlp_explicit',
# 'hm_i', 'precip_frac', 'precip_frac_1', 'precip_frac_2', 'Ncnm',
# 'mu_hm_i', 'mu_Ncn_i',
# 'sigma_hm_i', 'sigma_Ncn_i',
# 'corr_w_chi_1_ca', 'corr_w_chi_2_ca', 'corr_w_eta_1_ca', 'corr_w_eta_2_ca',
# 'corr_w_hm_i', 'corr_w_Ncn_i', 'corr_chi_eta_1_ca', 'corr_chi_eta_2_ca',
# 'corr_chi_hm_i', 'corr_chi_Ncn_i', 'corr_eta_hm_i', 'corr_eta_Ncn_i',
# 'corr_Ncn_hm_i', 'corr_hmx_hmy_i',
# 
# 
# 'chi', 'chip2', 'C11_Skw_fnc',
# 'wp2_zt', 'thlp2_zt', 'wpthlp_zt', 'wprtp_zt', 'rtp2_zt', 'rtpthlp_zt',
# 'up2_zt', 'vp2_zt', 'upwp_zt', 'vpwp_zt', 'hmp2_zt',
# 
# 'PSMLT', 'EVPMS', 'PRACS', 'EVPMG', 'PRACG',
# 'PGMLT', 'MNUCCC', 'PSACWS', 'PSACWI', 'QMULTS',
# 'QMULTG', 'PSACWG', 'PGSACW', 'PRD', 'PRCI', 
# 'PRAI', 'QMULTR', 'QMULTRG', 'MNUCCD', 'PRACI', 
# 'PRACIS', 'EPRD', 'MNUCCR', 'PIACR', 'PIACRS',
# 'PGRACS', 'PRDS', 'EPRDS', 'PSACR', 'PRDG', 'EPRDG',
# 'NGSTEN', 'NRSTEN', 'NISTEN', 'NSSTEN', 'NCSTEN', 'NPRC1', 'NRAGG',
# 'NPRACG', 'NSUBR', 'NSMLTR', 'NGMLTR', 'NPRACS', 'NNUCCR', 'NIACR',
# 'NIACRS', 'NGRACS', 'NSMLTS', 'NSAGG', 'NPRCI', 'NSCNG', 'NSUBS', 'PRC', 'PRA',
# 'PRE', 'PCC', 'NNUCCC', 'NPSACWS', 'NPRA', 'NPRC', 'NPSACWI', 'NPSACWG',
# 'NPRAI', 'NMULTS', 'NMULTG', 'NMULTR', 'NMULTRG', 'NNUCCD', 'NSUBI',
# 'NGMLTG', 'NSUBG', 'NACT', 'SIZEFIX_NR', 'SIZEFIX_NC', 'SIZEFIX_NI',
# 'SIZEFIX_NS', 'SIZEFIX_NG', 'NEGFIX_NR', 'NEGFIX_NC', 'NEGFIX_NI', 'NEGFIX_NS', 
# 'NEGFIX_NG', 'NIM_MORR_CL', 'QC_INST', 'QR_INST', 'QI_INST', 'QS_INST', 'QG_INST',
# 'NC_INST', 'NR_INST', 'NI_INST', 'NS_INST', 'NG_INST', 'T_in_K_mc', 'cloud_frac_refined',
# 'rcm_refined', 'hl_on_Cp_residual', 'qto_residual',
# ''
# 
# vars_lh_zt =
# 'AKm', 'lh_AKm', 'AKstd', 'AKstd_cld', 'AKm_rcm', 'AKm_rcc',
# 'lh_thlm_mc', 'lh_rvm_mc', 'lh_rcm_mc', 'lh_Ncm_mc', 'lh_rrm_mc', 'lh_Nrm_mc',
# 'lh_rsm_mc', 'lh_Nsm_mc', 'lh_rgm_mc', 'lh_Ngm_mc', 'lh_rim_mc', 'lh_Nim_mc',
# 'lh_Vrr', 'lh_VNr', 'lh_rrm', 'lh_rim', 'lh_rsm', 'lh_rgm',
# 'lh_thlm', 'lh_rcm', 'lh_rvm', 'lh_wm', 'lh_rcp2_zt', 'lh_rrp2_zt', 
# 'lh_Nrp2_zt', 'lh_Ncp2_zt', 'lh_Ncnp2_zt', 'lh_wp2_zt', 'lh_cloud_frac',
# 'lh_chi', 'lh_eta', 'lh_chip2', 'lh_rtp2_zt', 'lh_thlp2_zt',
# 'lh_Nrm', 'lh_Nim', 'lh_Ncnm', 'lh_Ncm', 'lh_Ngm', 'lh_Nsm',
# 'lh_rcm_avg', 'lh_rrm_auto', 'lh_rrm_accr', 'lh_rrm_evap',
# 'lh_Nrm_auto', 'lh_Nrm_evap', 'lh_rrm_src_adj', 'lh_rrm_evap_adj',
# 'lh_Nrm_src_adj', 'lh_Nrm_evap_adj', 'lh_precip_frac', 'lh_mixt_frac',
# 
# 'lh_m_vol_rad_rain',
# ''
# 
# vars_lh_sfc =
# 'lh_morr_snow_rate', 'lh_lwp', 'lh_vwp', 'k_lh_start',
# 'lh_sample_weights_sum', 'lh_sample_weights_avg',
# ''
# 
# vars_zm = 
# 'wp2', 'rtp2', 'thlp2', 'rtpthlp', 'wprtp', 'wpthlp', 'wp2up2', 'wp2vp2', 'wp4',
# 'up2', 'vp2', 'Skw_zm', 'Skthl_zm', 'Skrt_zm',
# 'wpthvp', 'rtpthvp', 'thlpthvp', 'tau_zm', 'Kh_zm', 'K_hm', 'wprcp', 'rc_coef_zm', 'wm_zm',
# 'thlprcp', 'rtprcp', 'rcp2', 'upwp', 'vpwp',
# 'upthlp', 'uprtp', 'vpthlp', 'vprtp',
# 'upthvp', 'uprcp', 'vpthvp', 'vprcp',
# 'rho_zm', 'sigma_sqd_w', 'Skw_velocity',
# 'gamma_Skw_fnc', 'coef_wp4_implicit', 'C6rt_Skw_fnc', 'C6thl_Skw_fnc', 'C6_term',
# 'C7_Skw_fnc', 'C1_Skw_fnc', 'a3_coef', 'wp3_on_wp2', 'wp3_on_wp2_cfl_num', 'rcm_zm', 'rtm_zm',
# 'thlm_zm', 'cloud_frac_zm', 'ice_supersat_frac_zm', 'rho_ds_zm', 'thv_ds_zm',
# 'em', 'mean_w_up', 'mean_w_down', 'shear', 'wp3_zm', 'thlp3_zm', 'rtp3_zm',
# 'w_1_zm', 'w_2_zm', 'varnce_w_1_zm', 'varnce_w_2_zm', 'mixt_frac_zm',
# 'Frad', 'Frad_LW', 'Frad_SW', 'Frad_LW_up', 'Frad_SW_up', 'Frad_LW_down', 'Frad_SW_down',
# 'Fprec', 'Fcsed',
# 'hydrometp2', 'wphydrometp', 'rtphmp', 'thlphmp', 'hmxphmyp',
# 'Vri', 'VNi', 'Vrc', 'VNc', 'Vrr', 'VNr', 'Vrs', 'VNs', 'Vrg',
# 'Vrrprrp', 'VNrpNrp', 'Vrrprrp_expcalc', 'VNrpNrp_expcalc',
# 'wp2_bt', 'wp2_ma', 'wp2_ta', 'wp2_ac', 'wp2_bp', 'wp2_pr1', 'wp2_pr2',
# 'wp2_pr3', 'wp2_pr_dfsn', 'wp2_dp1', 'wp2_dp2', 'wp2_sdmp',
# 'wp2_cl', 'wp2_pd', 'wp2_sf', 'wp2_splat',
# 'vp2_bt', 'vp2_ma', 'vp2_ta', 'vp2_tp', 'vp2_dp1', 'vp2_dp2',
# 'vp2_pr1', 'vp2_pr2', 'vp2_sdmp', 'vp2_cl', 'vp2_pd', 'vp2_sf', 'vp2_splat',
# 'up2_bt', 'up2_ma', 'up2_ta', 'up2_tp', 'up2_dp1', 'up2_dp2',
# 'up2_pr1', 'up2_pr2', 'up2_sdmp', 'up2_cl', 'up2_pd', 'up2_sf', 'up2_splat',
# 'upwp_bt', 'upwp_ma', 'upwp_ta', 'upwp_tp', 'upwp_ac', 'upwp_bp', 'upwp_pr1',
# 'upwp_pr2', 'upwp_pr3', 'upwp_pr4', 'upwp_dp1', 'upwp_mfl', 'upwp_cl',
# 'vpwp_bt', 'vpwp_ma', 'vpwp_ta', 'vpwp_tp', 'vpwp_ac', 'vpwp_bp', 'vpwp_pr1',
# 'vpwp_pr2', 'vpwp_pr3', 'vpwp_pr4', 'vpwp_dp1', 'vpwp_mfl', 'vpwp_cl',
# 'wprtp_bt', 'wprtp_ma', 'wprtp_ta', 'wprtp_tp', 'wprtp_ac',
# 'wprtp_bp', 'wprtp_pr1', 'wprtp_pr2', 'wprtp_pr3', 'wprtp_dp1',
# 'wprtp_mfl', 'wprtp_cl', 'wprtp_pd', 'wprtp_forcing', 'wprtp_mc',
# 'wpthlp_bt', 'wpthlp_ma', 'wpthlp_ta', 'wpthlp_tp', 'wpthlp_ac',
# 'wpthlp_bp', 'wpthlp_pr1', 'wpthlp_pr2', 'wpthlp_pr3', 'wpthlp_dp1',
# 'wpthlp_mfl', 'wpthlp_cl', 'wpthlp_forcing', 'wpthlp_mc',
# 'rtp2_bt', 'rtp2_ma', 'rtp2_ta', 'rtp2_tp',
# 'rtp2_dp1', 'rtp2_dp2', 'rtp2_cl', 'rtp2_pd', 'rtp2_sf', 'rtp2_forcing', 'rtp2_mc',
# 'thlp2_bt', 'thlp2_ma', 'thlp2_ta', 'thlp2_tp',
# 'thlp2_dp1', 'thlp2_dp2', 'thlp2_cl', 'thlp2_pd', 'thlp2_sf', 'thlp2_forcing', 'thlp2_mc',
# 'rtpthlp_bt', 'rtpthlp_ma', 'rtpthlp_ta', 'rtpthlp_tp1', 'rtpthlp_tp2',
# 'rtpthlp_dp1', 'rtpthlp_dp2', 'rtpthlp_cl', 'rtpthlp_sf', 'rtpthlp_forcing', 'rtpthlp_mc',
# 'wpthlp_enter_mfl', 'wpthlp_exit_mfl', 'wprtp_enter_mfl', 'wprtp_exit_mfl',
# 'wpthlp_mfl_min', 'wpthlp_mfl_max', 'wprtp_mfl_min', 'wprtp_mfl_max',
# 
# 
# 'stability_correction',
# 
# 'bv_freq_sqd', 'bv_freq_sqd_splat', 'bv_freq_sqd_mixed', 'bv_freq_sqd_moist', 'bv_freq_sqd_dry',
# 'bv_freq_sqd_smth', 'bv_freq_out_cloud', 'bv_freq_pos', 'ddzt_umvm_sqd', 'invrs_tau_zm',
# 'invrs_tau_xp2_zm', 'invrs_tau_wp2_zm', 'invrs_tau_wpxp_zm', 'invrs_tau_wp3_zm',
# 'invrs_tau_no_N2_zm', 'invrs_tau_bkgnd', 'invrs_tau_sfc', 'invrs_tau_shear', 'Ri_zm',
# ''
# 
# vars_rad_zt =
# 'T_in_K_rad', 'rcil_rad', 'o3l_rad', 'rsm_rad', 'rcm_in_cloud_rad',
# 'cloud_frac_rad', 'ice_supersat_frac_rad', 'radht_rad', 'radht_SW_rad', 'radht_LW_rad',
# 'p_in_mb_rad', 'sp_humidity_rad',
# ''
# 
# 
# vars_rad_zm =
# 'Frad_SW_rad', 'Frad_LW_rad', 'Frad_SW_up_rad', 'Frad_LW_up_rad', 'Frad_SW_down_rad', 'Frad_LW_down_rad',
# 'fulwcl', 'fdlwcl', 'fdswcl', 'fuswcl',
# ''
# 
# vars_sfc = 
# 'ustar', 'soil_heat_flux', 'veg_T_in_K', 'sfc_soil_T_in_K', 'deep_soil_T_in_K', 
# 'lh', 'sh', 'cc', 'lwp', 'vwp',
# 'swp', 'iwp', 'rwp', 'z_cloud_base', 'z_inversion', 'precip_rate_sfc',
# 'rain_flux_sfc', 'rrm_sfc', 'precip_frac_tol', 
# 'wpthlp_sfc', 'wprtp_sfc', 'upwp_sfc', 'vpwp_sfc',
# 'morr_snow_rate',
# 'thlm_vert_avg', 'rtm_vert_avg', 'um_vert_avg', 'vm_vert_avg', 
# 'wp2_vert_avg', 'up2_vert_avg', 'vp2_vert_avg', 'rtp2_vert_avg', 
# 'thlp2_vert_avg', 'T_sfc', 
# 'rtm_spur_src', 'thlm_spur_src',
# 
# 
# 'rs_sd_morr_int',
# 'tot_vartn_normlzd_rtm', 'tot_vartn_normlzd_thlm', 'tot_vartn_normlzd_wprtp',
# ''
# 
# /
