ngrdcol,iterations,nz,tasks,total_runs,total,compute_i,baseline,advance_clubb_core_api,output_multi_col,mainloop,acc_data_copyin_r,runloop_r,mainloop_r,loop_init_r,advance_clubb_core_api_r,acc_data_create_r,i_loops_r,ik_loops_r,ik_loops_big_r,penta_lu_solve_multiple_rhs_lhs_r,tridiag_lu_solve_multiple_rhs_lhs_r,fill_holes_r,penta_lu_solve_single_rhs_multiple_lhs_r,setup_pdf_parameters_r,SILHS_r,microphys_r,loop_end_r,output_multi_col_r
128,870,34,128,9,2.7252357006073,0.0002444434947488459,0.8112431367238363,0.0,0.0,0.0,0.0,2.027,0.22522222222222224,0.012333333333333333,0.12000000000000001,0.00011111111111111112,0.00022222222222222223,0.006333333333333333,0.009444444444444445,0.001888888888888889,0.0011111111111111111,0.0016666666666666666,0.0008888888888888889,0.017444444444444443,0.016444444444444442,0.016444444444444442,0.016555555555555556,0.016444444444444442
256,870,34,128,8,2.6885619163513184,0.00028129793218269205,0.7307283083597819,0.0,0.0,0.0,0.0,1.967,0.24575,0.011375,0.15875,0.000125,0.00025,0.009875,0.012375,0.003625,0.001875,0.0035,0.001625,0.014125,0.013375,0.013375,0.0135,0.01325
384,870,34,128,8,2.987684965133667,0.00031664379483438545,0.7838441530863444,0.0,0.0,0.0,0.0,2.205,0.275625,0.010125,0.2115,0.000125,0.00025,0.014375,0.01675,0.00525,0.00275,0.00525,0.00225,0.010625,0.00925,0.009375,0.0095,0.00925
512,870,34,128,7,2.5998878479003906,0.00030677847087089654,0.7316069602966309,0.0,0.0,0.0,0.0,1.853,0.26471428571428574,0.011714285714285715,0.17842857142857144,0.00014285714285714287,0.00028571428571428574,0.008142857142857143,0.014285714285714287,0.0071428571428571435,0.0037142857142857142,0.0071428571428571435,0.0031428571428571426,0.014,0.013,0.013142857142857142,0.013285714285714286,0.013142857142857142
640,870,34,128,7,2.80930495262146,0.0003391175043015253,0.7440793514251709,0.0,0.0,0.0,0.0,2.002,0.286,0.010857142857142857,0.2132857142857143,0.00014285714285714287,0.00028571428571428574,0.011,0.017142857142857144,0.008714285714285714,0.004428571428571428,0.008285714285714287,0.003857142857142857,0.011714285714285715,0.010857142857142857,0.010857142857142857,0.011,0.010857142857142857
768,870,34,128,7,3.0185446739196777,0.00037320524078937064,0.7457247575124105,0.0,0.0,0.0,0.0,2.194,0.31342857142857145,0.010142857142857143,0.25742857142857145,0.00014285714285714287,0.00028571428571428574,0.015,0.020714285714285713,0.010714285714285714,0.005285714285714285,0.010142857142857143,0.004714285714285714,0.009,0.007857142857142858,0.007857142857142858,0.008,0.007857142857142858
896,870,34,128,7,3.432996988296509,0.0004401758451832404,0.7523260911305746,0.0,0.0,0.0,0.0,2.684,0.38342857142857145,0.010714285714285714,0.33185714285714285,0.00014285714285714287,0.00028571428571428574,0.020857142857142855,0.026857142857142857,0.013571428571428571,0.006285714285714285,0.012285714285714285,0.005857142857142858,0.008428571428571428,0.006857142857142858,0.006857142857142858,0.007,0.006714285714285714
1024,870,34,128,6,2.768939971923828,0.00038581791204206486,0.7549704710642496,0.0,0.0,0.0,0.0,1.994,0.33216666666666667,0.009666666666666667,0.28583333333333333,0.00016666666666666666,0.0003333333333333333,0.014333333333333332,0.023000000000000003,0.017666666666666667,0.007333333333333333,0.014499999999999999,0.007333333333333333,0.007333333333333333,0.006166666666666667,0.006166666666666667,0.006333333333333333,0.006166666666666667
1152,870,34,128,6,3.1071951389312744,0.00045275385200139963,0.7438200314839681,0.0,0.0,0.0,0.0,2.274,0.379,0.010166666666666666,0.334,0.00016666666666666666,0.0003333333333333333,0.017666666666666667,0.028833333333333332,0.02,0.008,0.0155,0.008333333333333333,0.007,0.005833333333333334,0.005833333333333334,0.005999999999999999,0.005833333333333334
1280,870,34,128,6,3.3593952655792236,0.0005009642962751717,0.7443616390228271,0.0,0.0,0.0,0.0,2.596,0.43250000000000005,0.011333333333333334,0.38799999999999996,0.00016666666666666666,0.0003333333333333333,0.021666666666666667,0.0325,0.021833333333333333,0.009,0.017499999999999998,0.009166666666666667,0.006833333333333334,0.0055000000000000005,0.0055000000000000005,0.005666666666666667,0.0055000000000000005
1408,870,34,128,6,3.9184463024139404,0.0006106970867434681,0.7306075096130371,0.0,0.0,0.0,0.0,3.131,0.5218333333333333,0.013,0.47750000000000004,0.00016666666666666666,0.0003333333333333333,0.02766666666666667,0.042166666666666665,0.026166666666666668,0.0105,0.020833333333333332,0.0105,0.0065,0.005,0.005166666666666667,0.005333333333333333,0.005166666666666667
1536,870,34,128,6,3.528877019882202,0.0005336918441119626,0.7430055936177572,0.0,0.0,0.0,0.0,2.723,0.45366666666666666,0.011666666666666667,0.40349999999999997,0.00016666666666666666,0.0003333333333333333,0.02,0.03383333333333333,0.027333333333333334,0.011000000000000001,0.0205,0.011166666666666667,0.008,0.0065,0.0065,0.006666666666666667,0.0065
1664,870,34,128,6,4.246667146682739,0.0006673414588431289,0.7631447315216064,0.0,0.0,0.0,0.0,3.519,0.5863333333333333,0.0155,0.5398333333333333,0.00016666666666666666,0.0005,0.0285,0.050166666666666665,0.03266666666666667,0.012499999999999999,0.025166666666666667,0.013166666666666667,0.0065,0.005,0.005166666666666667,0.005166666666666667,0.005
1792,870,34,128,6,4.132018089294434,0.0006486831801452246,0.7458918889363607,0.0,0.0,0.0,0.0,3.314,0.5521666666666667,0.014166666666666668,0.5073333333333333,0.00016666666666666666,0.0003333333333333333,0.026833333333333334,0.04416666666666667,0.029666666666666664,0.012833333333333334,0.0255,0.012499999999999999,0.006333333333333333,0.005,0.005,0.005166666666666667,0.005
1920,870,34,128,6,4.236713409423828,0.0006664335499321364,0.7579302787780762,0.0,0.0,0.0,0.0,3.408,0.568,0.013666666666666667,0.5231666666666667,0.00016666666666666666,0.0003333333333333333,0.02766666666666667,0.044500000000000005,0.028833333333333332,0.013666666666666667,0.02666666666666667,0.012333333333333333,0.0065,0.005,0.005166666666666667,0.005333333333333333,0.005166666666666667
2048,870,34,128,5,3.6517772674560547,0.0006695802001660811,0.7391033967336019,0.0,0.0,0.0,0.0,2.852,0.5702,0.014000000000000002,0.524,0.0002,0.0004,0.024,0.0426,0.0346,0.0156,0.0312,0.014199999999999999,0.0066,0.005,0.0054,0.0056,0.0052
2304,870,34,128,5,4.100951910018921,0.0007731026251197318,0.7379554907480875,0.0,0.0,0.0,0.0,3.293,0.6584,0.0166,0.6108,0.0002,0.0004,0.03,0.0526,0.0356,0.0172,0.0346,0.015,0.007000000000000001,0.0048000000000000004,0.005,0.0052,0.0048000000000000004
2560,870,34,128,5,4.176532506942749,0.0007904086167784943,0.7382550239562988,0.0,0.0,0.0,0.0,3.459,0.6918,0.016800000000000002,0.646,0.0002,0.0004,0.032,0.0514,0.0442,0.0182,0.0348,0.0184,0.0062,0.0046,0.0048000000000000004,0.0048000000000000004,0.0048000000000000004
2816,870,34,128,5,5.008603572845459,0.0009787043940518551,0.7512394587198893,0.0,0.0,0.0,0.0,4.143,0.8284,0.0234,0.773,0.0002,0.0006000000000000001,0.0356,0.0752,0.046,0.022,0.0434,0.0188,0.0076,0.0048000000000000004,0.005,0.0052,0.0048000000000000004
3072,870,34,128,5,5.059004306793213,0.0009936308038645777,0.7367103099822998,0.0,0.0,0.0,0.0,4.441,0.8880000000000001,0.0216,0.834,0.0002,0.0006000000000000001,0.039,0.0702,0.0484,0.025,0.0518,0.020999999999999998,0.0072,0.005,0.0052,0.0052,0.005
3328,870,34,128,5,5.739516973495483,0.001147181905549148,0.7492756843566895,0.0,0.0,0.0,0.0,4.829,0.9656,0.0254,0.9087999999999999,0.0002,0.0008,0.0434,0.08940000000000001,0.0588,0.0264,0.0498,0.022600000000000002,0.0072,0.0046,0.0048000000000000004,0.0052,0.0046
3584,870,34,128,5,5.305609941482544,0.001047689138244395,0.7481621901194254,0.0,0.0,0.0,0.0,4.454,0.8906000000000001,0.0212,0.8398,0.0002,0.0006000000000000001,0.037,0.0754,0.05620000000000001,0.0268,0.0576,0.023799999999999998,0.0064,0.0046,0.0048000000000000004,0.005,0.0048000000000000004
3840,870,34,128,5,6.919894695281982,0.0014135915383525278,0.7707715034484863,0.0,0.0,0.0,0.0,6.017,1.2029999999999998,0.0366,1.134,0.0002,0.0008,0.0502,0.10880000000000001,0.0758,0.0322,0.0588,0.027800000000000002,0.0082,0.0046,0.0048000000000000004,0.005,0.0046
4096,870,34,128,4,6.386305570602417,0.001617699564645117,0.7567110856374105,0.0,0.0,0.0,0.0,5.424,1.3555,0.04275,1.28075,0.00025,0.001,0.05625,0.121,0.08425,0.03375,0.0555,0.0305,0.008,0.00425,0.00475,0.005,0.0045
8192,870,34,128,3,17.176791429519653,0.006285136321495319,0.7725856304168701,0.0,0.0,0.0,0.0,16.126,5.373333333333334,0.16633333333333333,5.160666666666667,0.0006666666666666666,0.005333333333333333,0.24066666666666667,0.48433333333333334,0.3336666666666666,0.131,0.12966666666666668,0.15133333333333335,0.013666666666666667,0.005,0.005666666666666667,0.006333333333333333,0.005333333333333333
16384,870,34,128,2,34.532418727874756,0.019366377203857303,0.8349223931630453,0.0,0.0,0.0,0.0,33.77,16.883,0.4295,16.4065,0.0005,0.015,0.9015,1.585,0.917,0.4935,0.2805,0.3825,0.0145,0.0045,0.0055,0.006,0.0045
32768,870,34,128,1,61.996500730514526,0.07019498932864017,0.9268600145975748,0.0,0.0,0.0,0.0,61.02,61.007,1.452,59.5,0.001,0.053,3.236,5.833,3.312,1.266,0.434,1.251,0.022,0.003,0.005,0.008,0.003
65536,870,34,128,1,136.59391975402832,0.15570255348965584,1.1326982180277507,0.0,0.0,0.0,0.0,135.414,135.383,2.727,132.594,0.001,0.095,7.135,12.927,9.636,4.227,1.313,3.864,0.027,0.003,0.006,0.007,0.003

# Timing script options
# - ngrdcol_max = 65536
# - tasks = 128 -- results in a max of 512 columns per task
# - working dir = /glade/u/home/huebler/Code/clubb_performance_testing_feb25/clubb_7763_2x_intel/run_scripts
# - hostname = dec2437 : dec2437.de.hpc.ucar.edu
# - git hash = f9484b3cd6e900baa67a97d868e9b31af041637a
# - tweaked_params = C8,C6rt,C6thl,beta
# - gpu used = False
# - module list = ncarenv-basic/23.09:intel/2024.2.1:craype/2.7.31:ncarcompilers/1.0.0:gcc-toolchain/13.2.0:cray-mpich/8.1.29:hdf5/1.14.3:netcdf/4.9.2:gptl/8.1.1:conda/latest

# Metadata from clubb.in (the parameters listed are only the last set tested)
# &multicol_def
# ngrdcol = 512
# l_output_multi_col = .false.
# calls_per_out = 1
# /
# &clubb_params_nl
# C1 = 1.0, 1.0, 1.0, 1.0, 1.0, 1.0, 1.0, 1.0, 1.0, 1.0, 1.0, 1.0, 1.0, 1.0, 1.0, 1.0, 1.0, 1.0, 1.0, ... 1.0, 1.0, 1.0, 1.0, 1.0, 1.0, 1.0, 1.0, 1.0, 1.0, 1.0, 1.0, 1.0, 1.0, 1.0, 1.0, 1.0, 1.0, 1.0, 1.0
# C1b = 1.0, 1.0, 1.0, 1.0, 1.0, 1.0, 1.0, 1.0, 1.0, 1.0, 1.0, 1.0, 1.0, 1.0, 1.0, 1.0, 1.0, 1.0, 1.0,... 1.0, 1.0, 1.0, 1.0, 1.0, 1.0, 1.0, 1.0, 1.0, 1.0, 1.0, 1.0, 1.0, 1.0, 1.0, 1.0, 1.0, 1.0, 1.0, 1.0
# C1c = 1.0, 1.0, 1.0, 1.0, 1.0, 1.0, 1.0, 1.0, 1.0, 1.0, 1.0, 1.0, 1.0, 1.0, 1.0, 1.0, 1.0, 1.0, 1.0,... 1.0, 1.0, 1.0, 1.0, 1.0, 1.0, 1.0, 1.0, 1.0, 1.0, 1.0, 1.0, 1.0, 1.0, 1.0, 1.0, 1.0, 1.0, 1.0, 1.0
# C2rt = 2.0, 2.0, 2.0, 2.0, 2.0, 2.0, 2.0, 2.0, 2.0, 2.0, 2.0, 2.0, 2.0, 2.0, 2.0, 2.0, 2.0, 2.0, 2.0... 2.0, 2.0, 2.0, 2.0, 2.0, 2.0, 2.0, 2.0, 2.0, 2.0, 2.0, 2.0, 2.0, 2.0, 2.0, 2.0, 2.0, 2.0, 2.0, 2.0
# C2thl = 2.0, 2.0, 2.0, 2.0, 2.0, 2.0, 2.0, 2.0, 2.0, 2.0, 2.0, 2.0, 2.0, 2.0, 2.0, 2.0, 2.0, 2.0, 2.... 2.0, 2.0, 2.0, 2.0, 2.0, 2.0, 2.0, 2.0, 2.0, 2.0, 2.0, 2.0, 2.0, 2.0, 2.0, 2.0, 2.0, 2.0, 2.0, 2.0
# C2rtthl = 2.0, 2.0, 2.0, 2.0, 2.0, 2.0, 2.0, 2.0, 2.0, 2.0, 2.0, 2.0, 2.0, 2.0, 2.0, 2.0, 2.0, 2.0, ... 2.0, 2.0, 2.0, 2.0, 2.0, 2.0, 2.0, 2.0, 2.0, 2.0, 2.0, 2.0, 2.0, 2.0, 2.0, 2.0, 2.0, 2.0, 2.0, 2.0
# C4 = 2.0, 2.0, 2.0, 2.0, 2.0, 2.0, 2.0, 2.0, 2.0, 2.0, 2.0, 2.0, 2.0, 2.0, 2.0, 2.0, 2.0, 2.0, 2.0, ... 2.0, 2.0, 2.0, 2.0, 2.0, 2.0, 2.0, 2.0, 2.0, 2.0, 2.0, 2.0, 2.0, 2.0, 2.0, 2.0, 2.0, 2.0, 2.0, 2.0
# C_uu_shr = 0.4, 0.4, 0.4, 0.4, 0.4, 0.4, 0.4, 0.4, 0.4, 0.4, 0.4, 0.4, 0.4, 0.4, 0.4, 0.4, 0.4, 0.4,... 0.4, 0.4, 0.4, 0.4, 0.4, 0.4, 0.4, 0.4, 0.4, 0.4, 0.4, 0.4, 0.4, 0.4, 0.4, 0.4, 0.4, 0.4, 0.4, 0.4
# C_uu_buoy = 0.3, 0.3, 0.3, 0.3, 0.3, 0.3, 0.3, 0.3, 0.3, 0.3, 0.3, 0.3, 0.3, 0.3, 0.3, 0.3, 0.3, 0.3... 0.3, 0.3, 0.3, 0.3, 0.3, 0.3, 0.3, 0.3, 0.3, 0.3, 0.3, 0.3, 0.3, 0.3, 0.3, 0.3, 0.3, 0.3, 0.3, 0.3
# C6rt = 1.0, 1.00587084148728, 1.0117416829745598, 1.0176125244618395, 1.0234833659491194, 1.02935420..., 3.9706457925636007, 3.9765166340508804, 3.98238747553816, 3.98825831702544, 3.99412915851272, 4.0
# C6rtb = 2.0, 2.0, 2.0, 2.0, 2.0, 2.0, 2.0, 2.0, 2.0, 2.0, 2.0, 2.0, 2.0, 2.0, 2.0, 2.0, 2.0, 2.0, 2.... 2.0, 2.0, 2.0, 2.0, 2.0, 2.0, 2.0, 2.0, 2.0, 2.0, 2.0, 2.0, 2.0, 2.0, 2.0, 2.0, 2.0, 2.0, 2.0, 2.0
# C6rtc = 1.0, 1.0, 1.0, 1.0, 1.0, 1.0, 1.0, 1.0, 1.0, 1.0, 1.0, 1.0, 1.0, 1.0, 1.0, 1.0, 1.0, 1.0, 1.... 1.0, 1.0, 1.0, 1.0, 1.0, 1.0, 1.0, 1.0, 1.0, 1.0, 1.0, 1.0, 1.0, 1.0, 1.0, 1.0, 1.0, 1.0, 1.0, 1.0
# C6thl = 1.0, 1.00587084148728, 1.0117416829745598, 1.0176125244618395, 1.0234833659491194, 1.0293542..., 3.9706457925636007, 3.9765166340508804, 3.98238747553816, 3.98825831702544, 3.99412915851272, 4.0
# C6thlb = 2.0, 2.0, 2.0, 2.0, 2.0, 2.0, 2.0, 2.0, 2.0, 2.0, 2.0, 2.0, 2.0, 2.0, 2.0, 2.0, 2.0, 2.0, 2... 2.0, 2.0, 2.0, 2.0, 2.0, 2.0, 2.0, 2.0, 2.0, 2.0, 2.0, 2.0, 2.0, 2.0, 2.0, 2.0, 2.0, 2.0, 2.0, 2.0
# C6thlc = 1.0, 1.0, 1.0, 1.0, 1.0, 1.0, 1.0, 1.0, 1.0, 1.0, 1.0, 1.0, 1.0, 1.0, 1.0, 1.0, 1.0, 1.0, 1... 1.0, 1.0, 1.0, 1.0, 1.0, 1.0, 1.0, 1.0, 1.0, 1.0, 1.0, 1.0, 1.0, 1.0, 1.0, 1.0, 1.0, 1.0, 1.0, 1.0
# C7 = 0.5, 0.5, 0.5, 0.5, 0.5, 0.5, 0.5, 0.5, 0.5, 0.5, 0.5, 0.5, 0.5, 0.5, 0.5, 0.5, 0.5, 0.5, 0.5, ... 0.5, 0.5, 0.5, 0.5, 0.5, 0.5, 0.5, 0.5, 0.5, 0.5, 0.5, 0.5, 0.5, 0.5, 0.5, 0.5, 0.5, 0.5, 0.5, 0.5
# C7b = 0.5, 0.5, 0.5, 0.5, 0.5, 0.5, 0.5, 0.5, 0.5, 0.5, 0.5, 0.5, 0.5, 0.5, 0.5, 0.5, 0.5, 0.5, 0.5,... 0.5, 0.5, 0.5, 0.5, 0.5, 0.5, 0.5, 0.5, 0.5, 0.5, 0.5, 0.5, 0.5, 0.5, 0.5, 0.5, 0.5, 0.5, 0.5, 0.5
# C7c = 0.5, 0.5, 0.5, 0.5, 0.5, 0.5, 0.5, 0.5, 0.5, 0.5, 0.5, 0.5, 0.5, 0.5, 0.5, 0.5, 0.5, 0.5, 0.5,... 0.5, 0.5, 0.5, 0.5, 0.5, 0.5, 0.5, 0.5, 0.5, 0.5, 0.5, 0.5, 0.5, 0.5, 0.5, 0.5, 0.5, 0.5, 0.5, 0.5
# C8 = 0.25, 0.25146771037182, 0.25293542074363995, 0.25440313111545987, 0.25587084148727984, 0.257338..., 0.9926614481409002, 0.9941291585127201, 0.99559686888454, 0.99706457925636, 0.99853228962818, 1.0
# C8b = 0.02, 0.02, 0.02, 0.02, 0.02, 0.02, 0.02, 0.02, 0.02, 0.02, 0.02, 0.02, 0.02, 0.02, 0.02, 0.02....02, 0.02, 0.02, 0.02, 0.02, 0.02, 0.02, 0.02, 0.02, 0.02, 0.02, 0.02, 0.02, 0.02, 0.02, 0.02, 0.02
# C11 = 0.4, 0.4, 0.4, 0.4, 0.4, 0.4, 0.4, 0.4, 0.4, 0.4, 0.4, 0.4, 0.4, 0.4, 0.4, 0.4, 0.4, 0.4, 0.4,... 0.4, 0.4, 0.4, 0.4, 0.4, 0.4, 0.4, 0.4, 0.4, 0.4, 0.4, 0.4, 0.4, 0.4, 0.4, 0.4, 0.4, 0.4, 0.4, 0.4
# C11b = 0.4, 0.4, 0.4, 0.4, 0.4, 0.4, 0.4, 0.4, 0.4, 0.4, 0.4, 0.4, 0.4, 0.4, 0.4, 0.4, 0.4, 0.4, 0.4... 0.4, 0.4, 0.4, 0.4, 0.4, 0.4, 0.4, 0.4, 0.4, 0.4, 0.4, 0.4, 0.4, 0.4, 0.4, 0.4, 0.4, 0.4, 0.4, 0.4
# C11c = 0.5, 0.5, 0.5, 0.5, 0.5, 0.5, 0.5, 0.5, 0.5, 0.5, 0.5, 0.5, 0.5, 0.5, 0.5, 0.5, 0.5, 0.5, 0.5... 0.5, 0.5, 0.5, 0.5, 0.5, 0.5, 0.5, 0.5, 0.5, 0.5, 0.5, 0.5, 0.5, 0.5, 0.5, 0.5, 0.5, 0.5, 0.5, 0.5
# C12 = 1.0, 1.0, 1.0, 1.0, 1.0, 1.0, 1.0, 1.0, 1.0, 1.0, 1.0, 1.0, 1.0, 1.0, 1.0, 1.0, 1.0, 1.0, 1.0,... 1.0, 1.0, 1.0, 1.0, 1.0, 1.0, 1.0, 1.0, 1.0, 1.0, 1.0, 1.0, 1.0, 1.0, 1.0, 1.0, 1.0, 1.0, 1.0, 1.0
# C14 = 1.0, 1.0, 1.0, 1.0, 1.0, 1.0, 1.0, 1.0, 1.0, 1.0, 1.0, 1.0, 1.0, 1.0, 1.0, 1.0, 1.0, 1.0, 1.0,... 1.0, 1.0, 1.0, 1.0, 1.0, 1.0, 1.0, 1.0, 1.0, 1.0, 1.0, 1.0, 1.0, 1.0, 1.0, 1.0, 1.0, 1.0, 1.0, 1.0
# C_wp2_pr_dfsn = 0.0, 0.0, 0.0, 0.0, 0.0, 0.0, 0.0, 0.0, 0.0, 0.0, 0.0, 0.0, 0.0, 0.0, 0.0, 0.0, 0.0,... 0.0, 0.0, 0.0, 0.0, 0.0, 0.0, 0.0, 0.0, 0.0, 0.0, 0.0, 0.0, 0.0, 0.0, 0.0, 0.0, 0.0, 0.0, 0.0, 0.0
# C_wp3_pr_tp = 0.0, 0.0, 0.0, 0.0, 0.0, 0.0, 0.0, 0.0, 0.0, 0.0, 0.0, 0.0, 0.0, 0.0, 0.0, 0.0, 0.0, 0... 0.0, 0.0, 0.0, 0.0, 0.0, 0.0, 0.0, 0.0, 0.0, 0.0, 0.0, 0.0, 0.0, 0.0, 0.0, 0.0, 0.0, 0.0, 0.0, 0.0
# C_wp3_pr_turb = 1.0, 1.0, 1.0, 1.0, 1.0, 1.0, 1.0, 1.0, 1.0, 1.0, 1.0, 1.0, 1.0, 1.0, 1.0, 1.0, 1.0,... 1.0, 1.0, 1.0, 1.0, 1.0, 1.0, 1.0, 1.0, 1.0, 1.0, 1.0, 1.0, 1.0, 1.0, 1.0, 1.0, 1.0, 1.0, 1.0, 1.0
# C_wp3_pr_dfsn = 0.0, 0.0, 0.0, 0.0, 0.0, 0.0, 0.0, 0.0, 0.0, 0.0, 0.0, 0.0, 0.0, 0.0, 0.0, 0.0, 0.0,... 0.0, 0.0, 0.0, 0.0, 0.0, 0.0, 0.0, 0.0, 0.0, 0.0, 0.0, 0.0, 0.0, 0.0, 0.0, 0.0, 0.0, 0.0, 0.0, 0.0
# C_wp2_splat = 0.0, 0.0, 0.0, 0.0, 0.0, 0.0, 0.0, 0.0, 0.0, 0.0, 0.0, 0.0, 0.0, 0.0, 0.0, 0.0, 0.0, 0... 0.0, 0.0, 0.0, 0.0, 0.0, 0.0, 0.0, 0.0, 0.0, 0.0, 0.0, 0.0, 0.0, 0.0, 0.0, 0.0, 0.0, 0.0, 0.0, 0.0
# C6rt_Lscale0 = 14.0, 14.0, 14.0, 14.0, 14.0, 14.0, 14.0, 14.0, 14.0, 14.0, 14.0, 14.0, 14.0, 14.0, 1...4.0, 14.0, 14.0, 14.0, 14.0, 14.0, 14.0, 14.0, 14.0, 14.0, 14.0, 14.0, 14.0, 14.0, 14.0, 14.0, 14.0
# C6thl_Lscale0 = 14.0, 14.0, 14.0, 14.0, 14.0, 14.0, 14.0, 14.0, 14.0, 14.0, 14.0, 14.0, 14.0, 14.0, ...4.0, 14.0, 14.0, 14.0, 14.0, 14.0, 14.0, 14.0, 14.0, 14.0, 14.0, 14.0, 14.0, 14.0, 14.0, 14.0, 14.0
# C7_Lscale0 = 0.85, 0.85, 0.85, 0.85, 0.85, 0.85, 0.85, 0.85, 0.85, 0.85, 0.85, 0.85, 0.85, 0.85, 0.8....85, 0.85, 0.85, 0.85, 0.85, 0.85, 0.85, 0.85, 0.85, 0.85, 0.85, 0.85, 0.85, 0.85, 0.85, 0.85, 0.85
# wpxp_L_thresh = 60.0, 60.0, 60.0, 60.0, 60.0, 60.0, 60.0, 60.0, 60.0, 60.0, 60.0, 60.0, 60.0, 60.0, ...0.0, 60.0, 60.0, 60.0, 60.0, 60.0, 60.0, 60.0, 60.0, 60.0, 60.0, 60.0, 60.0, 60.0, 60.0, 60.0, 60.0
# c_K = 0.2, 0.2, 0.2, 0.2, 0.2, 0.2, 0.2, 0.2, 0.2, 0.2, 0.2, 0.2, 0.2, 0.2, 0.2, 0.2, 0.2, 0.2, 0.2,... 0.2, 0.2, 0.2, 0.2, 0.2, 0.2, 0.2, 0.2, 0.2, 0.2, 0.2, 0.2, 0.2, 0.2, 0.2, 0.2, 0.2, 0.2, 0.2, 0.2
# c_K1 = 0.2, 0.2, 0.2, 0.2, 0.2, 0.2, 0.2, 0.2, 0.2, 0.2, 0.2, 0.2, 0.2, 0.2, 0.2, 0.2, 0.2, 0.2, 0.2... 0.2, 0.2, 0.2, 0.2, 0.2, 0.2, 0.2, 0.2, 0.2, 0.2, 0.2, 0.2, 0.2, 0.2, 0.2, 0.2, 0.2, 0.2, 0.2, 0.2
# nu1 = 20.0, 20.0, 20.0, 20.0, 20.0, 20.0, 20.0, 20.0, 20.0, 20.0, 20.0, 20.0, 20.0, 20.0, 20.0, 20.0...0.0, 20.0, 20.0, 20.0, 20.0, 20.0, 20.0, 20.0, 20.0, 20.0, 20.0, 20.0, 20.0, 20.0, 20.0, 20.0, 20.0
# c_K2 = 0.025, 0.025, 0.025, 0.025, 0.025, 0.025, 0.025, 0.025, 0.025, 0.025, 0.025, 0.025, 0.025, 0....5, 0.025, 0.025, 0.025, 0.025, 0.025, 0.025, 0.025, 0.025, 0.025, 0.025, 0.025, 0.025, 0.025, 0.025
# nu2 = 1.0, 1.0, 1.0, 1.0, 1.0, 1.0, 1.0, 1.0, 1.0, 1.0, 1.0, 1.0, 1.0, 1.0, 1.0, 1.0, 1.0, 1.0, 1.0,... 1.0, 1.0, 1.0, 1.0, 1.0, 1.0, 1.0, 1.0, 1.0, 1.0, 1.0, 1.0, 1.0, 1.0, 1.0, 1.0, 1.0, 1.0, 1.0, 1.0
# c_K6 = 0.375, 0.375, 0.375, 0.375, 0.375, 0.375, 0.375, 0.375, 0.375, 0.375, 0.375, 0.375, 0.375, 0....5, 0.375, 0.375, 0.375, 0.375, 0.375, 0.375, 0.375, 0.375, 0.375, 0.375, 0.375, 0.375, 0.375, 0.375
# nu6 = 5.0, 5.0, 5.0, 5.0, 5.0, 5.0, 5.0, 5.0, 5.0, 5.0, 5.0, 5.0, 5.0, 5.0, 5.0, 5.0, 5.0, 5.0, 5.0,... 5.0, 5.0, 5.0, 5.0, 5.0, 5.0, 5.0, 5.0, 5.0, 5.0, 5.0, 5.0, 5.0, 5.0, 5.0, 5.0, 5.0, 5.0, 5.0, 5.0
# c_K8 = 5.0, 5.0, 5.0, 5.0, 5.0, 5.0, 5.0, 5.0, 5.0, 5.0, 5.0, 5.0, 5.0, 5.0, 5.0, 5.0, 5.0, 5.0, 5.0... 5.0, 5.0, 5.0, 5.0, 5.0, 5.0, 5.0, 5.0, 5.0, 5.0, 5.0, 5.0, 5.0, 5.0, 5.0, 5.0, 5.0, 5.0, 5.0, 5.0
# nu8 = 20.0, 20.0, 20.0, 20.0, 20.0, 20.0, 20.0, 20.0, 20.0, 20.0, 20.0, 20.0, 20.0, 20.0, 20.0, 20.0...0.0, 20.0, 20.0, 20.0, 20.0, 20.0, 20.0, 20.0, 20.0, 20.0, 20.0, 20.0, 20.0, 20.0, 20.0, 20.0, 20.0
# c_K9 = 0.1, 0.1, 0.1, 0.1, 0.1, 0.1, 0.1, 0.1, 0.1, 0.1, 0.1, 0.1, 0.1, 0.1, 0.1, 0.1, 0.1, 0.1, 0.1... 0.1, 0.1, 0.1, 0.1, 0.1, 0.1, 0.1, 0.1, 0.1, 0.1, 0.1, 0.1, 0.1, 0.1, 0.1, 0.1, 0.1, 0.1, 0.1, 0.1
# nu9 = 10.0, 10.0, 10.0, 10.0, 10.0, 10.0, 10.0, 10.0, 10.0, 10.0, 10.0, 10.0, 10.0, 10.0, 10.0, 10.0...0.0, 10.0, 10.0, 10.0, 10.0, 10.0, 10.0, 10.0, 10.0, 10.0, 10.0, 10.0, 10.0, 10.0, 10.0, 10.0, 10.0
# nu10 = 0.0, 0.0, 0.0, 0.0, 0.0, 0.0, 0.0, 0.0, 0.0, 0.0, 0.0, 0.0, 0.0, 0.0, 0.0, 0.0, 0.0, 0.0, 0.0... 0.0, 0.0, 0.0, 0.0, 0.0, 0.0, 0.0, 0.0, 0.0, 0.0, 0.0, 0.0, 0.0, 0.0, 0.0, 0.0, 0.0, 0.0, 0.0, 0.0
# c_K_hm = 0.75, 0.75, 0.75, 0.75, 0.75, 0.75, 0.75, 0.75, 0.75, 0.75, 0.75, 0.75, 0.75, 0.75, 0.75, 0....75, 0.75, 0.75, 0.75, 0.75, 0.75, 0.75, 0.75, 0.75, 0.75, 0.75, 0.75, 0.75, 0.75, 0.75, 0.75, 0.75
# c_K_hmb = 0.75, 0.75, 0.75, 0.75, 0.75, 0.75, 0.75, 0.75, 0.75, 0.75, 0.75, 0.75, 0.75, 0.75, 0.75, ....75, 0.75, 0.75, 0.75, 0.75, 0.75, 0.75, 0.75, 0.75, 0.75, 0.75, 0.75, 0.75, 0.75, 0.75, 0.75, 0.75
# K_hm_min_coef = 0.1, 0.1, 0.1, 0.1, 0.1, 0.1, 0.1, 0.1, 0.1, 0.1, 0.1, 0.1, 0.1, 0.1, 0.1, 0.1, 0.1,... 0.1, 0.1, 0.1, 0.1, 0.1, 0.1, 0.1, 0.1, 0.1, 0.1, 0.1, 0.1, 0.1, 0.1, 0.1, 0.1, 0.1, 0.1, 0.1, 0.1
# nu_hm = 1.5, 1.5, 1.5, 1.5, 1.5, 1.5, 1.5, 1.5, 1.5, 1.5, 1.5, 1.5, 1.5, 1.5, 1.5, 1.5, 1.5, 1.5, 1.... 1.5, 1.5, 1.5, 1.5, 1.5, 1.5, 1.5, 1.5, 1.5, 1.5, 1.5, 1.5, 1.5, 1.5, 1.5, 1.5, 1.5, 1.5, 1.5, 1.5
# slope_coef_spread_DG_means_w = 21.0, 21.0, 21.0, 21.0, 21.0, 21.0, 21.0, 21.0, 21.0, 21.0, 21.0, 21....1.0, 21.0, 21.0, 21.0, 21.0, 21.0, 21.0, 21.0, 21.0, 21.0, 21.0, 21.0, 21.0, 21.0, 21.0, 21.0, 21.0
# pdf_component_stdev_factor_w = 1.0, 1.0, 1.0, 1.0, 1.0, 1.0, 1.0, 1.0, 1.0, 1.0, 1.0, 1.0, 1.0, 1.0,... 1.0, 1.0, 1.0, 1.0, 1.0, 1.0, 1.0, 1.0, 1.0, 1.0, 1.0, 1.0, 1.0, 1.0, 1.0, 1.0, 1.0, 1.0, 1.0, 1.0
# coef_spread_DG_means_rt = 0.8, 0.8, 0.8, 0.8, 0.8, 0.8, 0.8, 0.8, 0.8, 0.8, 0.8, 0.8, 0.8, 0.8, 0.8,... 0.8, 0.8, 0.8, 0.8, 0.8, 0.8, 0.8, 0.8, 0.8, 0.8, 0.8, 0.8, 0.8, 0.8, 0.8, 0.8, 0.8, 0.8, 0.8, 0.8
# coef_spread_DG_means_thl = 0.8, 0.8, 0.8, 0.8, 0.8, 0.8, 0.8, 0.8, 0.8, 0.8, 0.8, 0.8, 0.8, 0.8, 0.8... 0.8, 0.8, 0.8, 0.8, 0.8, 0.8, 0.8, 0.8, 0.8, 0.8, 0.8, 0.8, 0.8, 0.8, 0.8, 0.8, 0.8, 0.8, 0.8, 0.8
# beta = 0.5, 0.50293542074364, 0.5058708414872799, 0.5088062622309197, 0.5117416829745597, 0.51467710..., 1.9853228962818004, 1.9882583170254402, 1.99119373776908, 1.99412915851272, 1.99706457925636, 2.0
# gamma_coef = 0.25, 0.25, 0.25, 0.25, 0.25, 0.25, 0.25, 0.25, 0.25, 0.25, 0.25, 0.25, 0.25, 0.25, 0.2....25, 0.25, 0.25, 0.25, 0.25, 0.25, 0.25, 0.25, 0.25, 0.25, 0.25, 0.25, 0.25, 0.25, 0.25, 0.25, 0.25
# gamma_coefb = 0.25, 0.25, 0.25, 0.25, 0.25, 0.25, 0.25, 0.25, 0.25, 0.25, 0.25, 0.25, 0.25, 0.25, 0.....25, 0.25, 0.25, 0.25, 0.25, 0.25, 0.25, 0.25, 0.25, 0.25, 0.25, 0.25, 0.25, 0.25, 0.25, 0.25, 0.25
# gamma_coefc = 5.0, 5.0, 5.0, 5.0, 5.0, 5.0, 5.0, 5.0, 5.0, 5.0, 5.0, 5.0, 5.0, 5.0, 5.0, 5.0, 5.0, 5... 5.0, 5.0, 5.0, 5.0, 5.0, 5.0, 5.0, 5.0, 5.0, 5.0, 5.0, 5.0, 5.0, 5.0, 5.0, 5.0, 5.0, 5.0, 5.0, 5.0
# taumax = 3600.0, 3600.0, 3600.0, 3600.0, 3600.0, 3600.0, 3600.0, 3600.0, 3600.0, 3600.0, 3600.0, 360...0.0, 3600.0, 3600.0, 3600.0, 3600.0, 3600.0, 3600.0, 3600.0, 3600.0, 3600.0, 3600.0, 3600.0, 3600.0
# lmin_coef = 0.5, 0.5, 0.5, 0.5, 0.5, 0.5, 0.5, 0.5, 0.5, 0.5, 0.5, 0.5, 0.5, 0.5, 0.5, 0.5, 0.5, 0.5... 0.5, 0.5, 0.5, 0.5, 0.5, 0.5, 0.5, 0.5, 0.5, 0.5, 0.5, 0.5, 0.5, 0.5, 0.5, 0.5, 0.5, 0.5, 0.5, 0.5
# omicron = 0.5, 0.5, 0.5, 0.5, 0.5, 0.5, 0.5, 0.5, 0.5, 0.5, 0.5, 0.5, 0.5, 0.5, 0.5, 0.5, 0.5, 0.5, ... 0.5, 0.5, 0.5, 0.5, 0.5, 0.5, 0.5, 0.5, 0.5, 0.5, 0.5, 0.5, 0.5, 0.5, 0.5, 0.5, 0.5, 0.5, 0.5, 0.5
# zeta_vrnce_rat = 0.0, 0.0, 0.0, 0.0, 0.0, 0.0, 0.0, 0.0, 0.0, 0.0, 0.0, 0.0, 0.0, 0.0, 0.0, 0.0, 0.0... 0.0, 0.0, 0.0, 0.0, 0.0, 0.0, 0.0, 0.0, 0.0, 0.0, 0.0, 0.0, 0.0, 0.0, 0.0, 0.0, 0.0, 0.0, 0.0, 0.0
# upsilon_precip_frac_rat = 0.55, 0.55, 0.55, 0.55, 0.55, 0.55, 0.55, 0.55, 0.55, 0.55, 0.55, 0.55, 0.....55, 0.55, 0.55, 0.55, 0.55, 0.55, 0.55, 0.55, 0.55, 0.55, 0.55, 0.55, 0.55, 0.55, 0.55, 0.55, 0.55
# lambda0_stability_coef = 0.03, 0.03, 0.03, 0.03, 0.03, 0.03, 0.03, 0.03, 0.03, 0.03, 0.03, 0.03, 0.0....03, 0.03, 0.03, 0.03, 0.03, 0.03, 0.03, 0.03, 0.03, 0.03, 0.03, 0.03, 0.03, 0.03, 0.03, 0.03, 0.03
# mult_coef = 0.5, 0.5, 0.5, 0.5, 0.5, 0.5, 0.5, 0.5, 0.5, 0.5, 0.5, 0.5, 0.5, 0.5, 0.5, 0.5, 0.5, 0.5... 0.5, 0.5, 0.5, 0.5, 0.5, 0.5, 0.5, 0.5, 0.5, 0.5, 0.5, 0.5, 0.5, 0.5, 0.5, 0.5, 0.5, 0.5, 0.5, 0.5
# mu = 0.001, 0.001, 0.001, 0.001, 0.001, 0.001, 0.001, 0.001, 0.001, 0.001, 0.001, 0.001, 0.001, 0.00...1, 0.001, 0.001, 0.001, 0.001, 0.001, 0.001, 0.001, 0.001, 0.001, 0.001, 0.001, 0.001, 0.001, 0.001
# Lscale_mu_coef = 2.0, 2.0, 2.0, 2.0, 2.0, 2.0, 2.0, 2.0, 2.0, 2.0, 2.0, 2.0, 2.0, 2.0, 2.0, 2.0, 2.0... 2.0, 2.0, 2.0, 2.0, 2.0, 2.0, 2.0, 2.0, 2.0, 2.0, 2.0, 2.0, 2.0, 2.0, 2.0, 2.0, 2.0, 2.0, 2.0, 2.0
# Lscale_pert_coef = 0.1, 0.1, 0.1, 0.1, 0.1, 0.1, 0.1, 0.1, 0.1, 0.1, 0.1, 0.1, 0.1, 0.1, 0.1, 0.1, 0... 0.1, 0.1, 0.1, 0.1, 0.1, 0.1, 0.1, 0.1, 0.1, 0.1, 0.1, 0.1, 0.1, 0.1, 0.1, 0.1, 0.1, 0.1, 0.1, 0.1
# alpha_corr = 0.15, 0.15, 0.15, 0.15, 0.15, 0.15, 0.15, 0.15, 0.15, 0.15, 0.15, 0.15, 0.15, 0.15, 0.1....15, 0.15, 0.15, 0.15, 0.15, 0.15, 0.15, 0.15, 0.15, 0.15, 0.15, 0.15, 0.15, 0.15, 0.15, 0.15, 0.15
# Skw_denom_coef = 4.0, 4.0, 4.0, 4.0, 4.0, 4.0, 4.0, 4.0, 4.0, 4.0, 4.0, 4.0, 4.0, 4.0, 4.0, 4.0, 4.0... 4.0, 4.0, 4.0, 4.0, 4.0, 4.0, 4.0, 4.0, 4.0, 4.0, 4.0, 4.0, 4.0, 4.0, 4.0, 4.0, 4.0, 4.0, 4.0, 4.0
# c_K10 = 1.0, 1.0, 1.0, 1.0, 1.0, 1.0, 1.0, 1.0, 1.0, 1.0, 1.0, 1.0, 1.0, 1.0, 1.0, 1.0, 1.0, 1.0, 1.... 1.0, 1.0, 1.0, 1.0, 1.0, 1.0, 1.0, 1.0, 1.0, 1.0, 1.0, 1.0, 1.0, 1.0, 1.0, 1.0, 1.0, 1.0, 1.0, 1.0
# c_K10h = 1.0, 1.0, 1.0, 1.0, 1.0, 1.0, 1.0, 1.0, 1.0, 1.0, 1.0, 1.0, 1.0, 1.0, 1.0, 1.0, 1.0, 1.0, 1... 1.0, 1.0, 1.0, 1.0, 1.0, 1.0, 1.0, 1.0, 1.0, 1.0, 1.0, 1.0, 1.0, 1.0, 1.0, 1.0, 1.0, 1.0, 1.0, 1.0
# thlp2_rad_coef = 1.0, 1.0, 1.0, 1.0, 1.0, 1.0, 1.0, 1.0, 1.0, 1.0, 1.0, 1.0, 1.0, 1.0, 1.0, 1.0, 1.0... 1.0, 1.0, 1.0, 1.0, 1.0, 1.0, 1.0, 1.0, 1.0, 1.0, 1.0, 1.0, 1.0, 1.0, 1.0, 1.0, 1.0, 1.0, 1.0, 1.0
# thlp2_rad_cloud_frac_thresh = 0.1, 0.1, 0.1, 0.1, 0.1, 0.1, 0.1, 0.1, 0.1, 0.1, 0.1, 0.1, 0.1, 0.1, ... 0.1, 0.1, 0.1, 0.1, 0.1, 0.1, 0.1, 0.1, 0.1, 0.1, 0.1, 0.1, 0.1, 0.1, 0.1, 0.1, 0.1, 0.1, 0.1, 0.1
# up2_sfc_coef = 4.0, 4.0, 4.0, 4.0, 4.0, 4.0, 4.0, 4.0, 4.0, 4.0, 4.0, 4.0, 4.0, 4.0, 4.0, 4.0, 4.0, ... 4.0, 4.0, 4.0, 4.0, 4.0, 4.0, 4.0, 4.0, 4.0, 4.0, 4.0, 4.0, 4.0, 4.0, 4.0, 4.0, 4.0, 4.0, 4.0, 4.0
# Skw_max_mag = 10.0, 10.0, 10.0, 10.0, 10.0, 10.0, 10.0, 10.0, 10.0, 10.0, 10.0, 10.0, 10.0, 10.0, 10...0.0, 10.0, 10.0, 10.0, 10.0, 10.0, 10.0, 10.0, 10.0, 10.0, 10.0, 10.0, 10.0, 10.0, 10.0, 10.0, 10.0
# C_invrs_tau_bkgnd = 1.1, 1.1, 1.1, 1.1, 1.1, 1.1, 1.1, 1.1, 1.1, 1.1, 1.1, 1.1, 1.1, 1.1, 1.1, 1.1, ... 1.1, 1.1, 1.1, 1.1, 1.1, 1.1, 1.1, 1.1, 1.1, 1.1, 1.1, 1.1, 1.1, 1.1, 1.1, 1.1, 1.1, 1.1, 1.1, 1.1
# C_invrs_tau_sfc = 0.1, 0.1, 0.1, 0.1, 0.1, 0.1, 0.1, 0.1, 0.1, 0.1, 0.1, 0.1, 0.1, 0.1, 0.1, 0.1, 0.... 0.1, 0.1, 0.1, 0.1, 0.1, 0.1, 0.1, 0.1, 0.1, 0.1, 0.1, 0.1, 0.1, 0.1, 0.1, 0.1, 0.1, 0.1, 0.1, 0.1
# C_invrs_tau_shear = 0.15, 0.15, 0.15, 0.15, 0.15, 0.15, 0.15, 0.15, 0.15, 0.15, 0.15, 0.15, 0.15, 0.....15, 0.15, 0.15, 0.15, 0.15, 0.15, 0.15, 0.15, 0.15, 0.15, 0.15, 0.15, 0.15, 0.15, 0.15, 0.15, 0.15
# C_invrs_tau_N2 = 0.4, 0.4, 0.4, 0.4, 0.4, 0.4, 0.4, 0.4, 0.4, 0.4, 0.4, 0.4, 0.4, 0.4, 0.4, 0.4, 0.4... 0.4, 0.4, 0.4, 0.4, 0.4, 0.4, 0.4, 0.4, 0.4, 0.4, 0.4, 0.4, 0.4, 0.4, 0.4, 0.4, 0.4, 0.4, 0.4, 0.4
# C_invrs_tau_N2_wp2 = 0.2, 0.2, 0.2, 0.2, 0.2, 0.2, 0.2, 0.2, 0.2, 0.2, 0.2, 0.2, 0.2, 0.2, 0.2, 0.2,... 0.2, 0.2, 0.2, 0.2, 0.2, 0.2, 0.2, 0.2, 0.2, 0.2, 0.2, 0.2, 0.2, 0.2, 0.2, 0.2, 0.2, 0.2, 0.2, 0.2
# C_invrs_tau_N2_xp2 = 0.05, 0.05, 0.05, 0.05, 0.05, 0.05, 0.05, 0.05, 0.05, 0.05, 0.05, 0.05, 0.05, 0....05, 0.05, 0.05, 0.05, 0.05, 0.05, 0.05, 0.05, 0.05, 0.05, 0.05, 0.05, 0.05, 0.05, 0.05, 0.05, 0.05
# C_invrs_tau_N2_wpxp = 0.0, 0.0, 0.0, 0.0, 0.0, 0.0, 0.0, 0.0, 0.0, 0.0, 0.0, 0.0, 0.0, 0.0, 0.0, 0.0... 0.0, 0.0, 0.0, 0.0, 0.0, 0.0, 0.0, 0.0, 0.0, 0.0, 0.0, 0.0, 0.0, 0.0, 0.0, 0.0, 0.0, 0.0, 0.0, 0.0
# C_invrs_tau_N2_clear_wp3 = 1.0, 1.0, 1.0, 1.0, 1.0, 1.0, 1.0, 1.0, 1.0, 1.0, 1.0, 1.0, 1.0, 1.0, 1.0... 1.0, 1.0, 1.0, 1.0, 1.0, 1.0, 1.0, 1.0, 1.0, 1.0, 1.0, 1.0, 1.0, 1.0, 1.0, 1.0, 1.0, 1.0, 1.0, 1.0
# C_invrs_tau_wpxp_Ri = 0.35, 0.35, 0.35, 0.35, 0.35, 0.35, 0.35, 0.35, 0.35, 0.35, 0.35, 0.35, 0.35, ....35, 0.35, 0.35, 0.35, 0.35, 0.35, 0.35, 0.35, 0.35, 0.35, 0.35, 0.35, 0.35, 0.35, 0.35, 0.35, 0.35
# C_invrs_tau_wpxp_N2_thresh = 0.00033, 0.00033, 0.00033, 0.00033, 0.00033, 0.00033, 0.00033, 0.00033,..., 0.00033, 0.00033, 0.00033, 0.00033, 0.00033, 0.00033, 0.00033, 0.00033, 0.00033, 0.00033, 0.00033
# xp3_coef_base = 0.25, 0.25, 0.25, 0.25, 0.25, 0.25, 0.25, 0.25, 0.25, 0.25, 0.25, 0.25, 0.25, 0.25, ....25, 0.25, 0.25, 0.25, 0.25, 0.25, 0.25, 0.25, 0.25, 0.25, 0.25, 0.25, 0.25, 0.25, 0.25, 0.25, 0.25
# xp3_coef_slope = 0.01, 0.01, 0.01, 0.01, 0.01, 0.01, 0.01, 0.01, 0.01, 0.01, 0.01, 0.01, 0.01, 0.01,....01, 0.01, 0.01, 0.01, 0.01, 0.01, 0.01, 0.01, 0.01, 0.01, 0.01, 0.01, 0.01, 0.01, 0.01, 0.01, 0.01
# altitude_threshold = 100.0, 100.0, 100.0, 100.0, 100.0, 100.0, 100.0, 100.0, 100.0, 100.0, 100.0, 10...0, 100.0, 100.0, 100.0, 100.0, 100.0, 100.0, 100.0, 100.0, 100.0, 100.0, 100.0, 100.0, 100.0, 100.0
# rtp2_clip_coef = 0.5, 0.5, 0.5, 0.5, 0.5, 0.5, 0.5, 0.5, 0.5, 0.5, 0.5, 0.5, 0.5, 0.5, 0.5, 0.5, 0.5... 0.5, 0.5, 0.5, 0.5, 0.5, 0.5, 0.5, 0.5, 0.5, 0.5, 0.5, 0.5, 0.5, 0.5, 0.5, 0.5, 0.5, 0.5, 0.5, 0.5
# Richardson_num_min = 0.25, 0.25, 0.25, 0.25, 0.25, 0.25, 0.25, 0.25, 0.25, 0.25, 0.25, 0.25, 0.25, 0....25, 0.25, 0.25, 0.25, 0.25, 0.25, 0.25, 0.25, 0.25, 0.25, 0.25, 0.25, 0.25, 0.25, 0.25, 0.25, 0.25
# Richardson_num_max = 400.0, 400.0, 400.0, 400.0, 400.0, 400.0, 400.0, 400.0, 400.0, 400.0, 400.0, 40...0, 400.0, 400.0, 400.0, 400.0, 400.0, 400.0, 400.0, 400.0, 400.0, 400.0, 400.0, 400.0, 400.0, 400.0
# Cx_min = 0.33, 0.33, 0.33, 0.33, 0.33, 0.33, 0.33, 0.33, 0.33, 0.33, 0.33, 0.33, 0.33, 0.33, 0.33, 0....33, 0.33, 0.33, 0.33, 0.33, 0.33, 0.33, 0.33, 0.33, 0.33, 0.33, 0.33, 0.33, 0.33, 0.33, 0.33, 0.33
# Cx_max = 0.95, 0.95, 0.95, 0.95, 0.95, 0.95, 0.95, 0.95, 0.95, 0.95, 0.95, 0.95, 0.95, 0.95, 0.95, 0....95, 0.95, 0.95, 0.95, 0.95, 0.95, 0.95, 0.95, 0.95, 0.95, 0.95, 0.95, 0.95, 0.95, 0.95, 0.95, 0.95
# a3_coef_min = 1.0, 1.0, 1.0, 1.0, 1.0, 1.0, 1.0, 1.0, 1.0, 1.0, 1.0, 1.0, 1.0, 1.0, 1.0, 1.0, 1.0, 1... 1.0, 1.0, 1.0, 1.0, 1.0, 1.0, 1.0, 1.0, 1.0, 1.0, 1.0, 1.0, 1.0, 1.0, 1.0, 1.0, 1.0, 1.0, 1.0, 1.0
# a_const = 1.8, 1.8, 1.8, 1.8, 1.8, 1.8, 1.8, 1.8, 1.8, 1.8, 1.8, 1.8, 1.8, 1.8, 1.8, 1.8, 1.8, 1.8, ... 1.8, 1.8, 1.8, 1.8, 1.8, 1.8, 1.8, 1.8, 1.8, 1.8, 1.8, 1.8, 1.8, 1.8, 1.8, 1.8, 1.8, 1.8, 1.8, 1.8
# bv_efold = 5.0, 5.0, 5.0, 5.0, 5.0, 5.0, 5.0, 5.0, 5.0, 5.0, 5.0, 5.0, 5.0, 5.0, 5.0, 5.0, 5.0, 5.0,... 5.0, 5.0, 5.0, 5.0, 5.0, 5.0, 5.0, 5.0, 5.0, 5.0, 5.0, 5.0, 5.0, 5.0, 5.0, 5.0, 5.0, 5.0, 5.0, 5.0
# wpxp_Ri_exp = 0.5, 0.5, 0.5, 0.5, 0.5, 0.5, 0.5, 0.5, 0.5, 0.5, 0.5, 0.5, 0.5, 0.5, 0.5, 0.5, 0.5, 0... 0.5, 0.5, 0.5, 0.5, 0.5, 0.5, 0.5, 0.5, 0.5, 0.5, 0.5, 0.5, 0.5, 0.5, 0.5, 0.5, 0.5, 0.5, 0.5, 0.5
# z_displace = 25.0, 25.0, 25.0, 25.0, 25.0, 25.0, 25.0, 25.0, 25.0, 25.0, 25.0, 25.0, 25.0, 25.0, 25....5.0, 25.0, 25.0, 25.0, 25.0, 25.0, 25.0, 25.0, 25.0, 25.0, 25.0, 25.0, 25.0, 25.0, 25.0, 25.0, 25.0
# /
# 
# &silhs_params_nl
# importance_prob_thresh = 1.0e-8
# vert_decorr_coef = 0.03
# /
# &configurable_clubb_flags_nl
# iiPDF_type                   = 1
# ipdf_call_placement          = 2
# penta_solve_method           = 2
# tridiag_solve_method         = 2
# saturation_formula           = 3
# 
# l_godunov_upwind_wpxp_ta     = .false.,
# l_upwind_xpyp_ta             = .true.,
# l_godunov_upwind_xpyp_ta     = .false.,
# l_upwind_xm_ma               = .true.,
# l_tke_aniso                  = .true.,
# l_vert_avg_closure           = .false.,
# l_standard_term_ta           = .false.,
# l_partial_upwind_wp3         = .false.,
# l_use_cloud_cover            = .false.,
# l_rcm_supersat_adj           = .true.,
# l_damp_wp3_Skw_squared       = .true.,
# l_min_wp2_from_corr_wx       = .false.,
# l_min_xp2_from_corr_wx       = .true.,
# l_C2_cloud_frac              = .false.,
# l_predict_upwp_vpwp          = .true.,
# l_diag_Lscale_from_tau       = .false.,
# l_stability_correct_tau_zm   = .false.,
# l_damp_wp2_using_em          = .true.,
# l_use_C7_Richardson          = .true.,
# l_use_precip_frac            = .true.,
# l_do_expldiff_rtm_thlm       = .false.,
# l_use_C11_Richardson         = .false.,
# l_use_shear_Richardson       = .false.,
# l_prescribed_avg_deltaz      = .false.,
# l_diffuse_rtm_and_thlm       = .false.,
# l_stability_correct_Kh_N2_zm = .false.,
# l_trapezoidal_rule_zt        = .false.,
# l_trapezoidal_rule_zm        = .false.,
# l_call_pdf_closure_twice     = .false.,
# l_Lscale_plume_centered      = .false.,
# l_brunt_vaisala_freq_moist   = .false.,
# l_use_thvm_in_bv_freq        = .false.,
# l_lmm_stepping               = .false.,
# l_e3sm_config                = .false.,
# l_vary_convect_depth         = .false.,
# l_use_tke_in_wp3_pr_turb_term = .true.,
# l_use_tke_in_wp2_wp3_K_dfsn  = .false.,
# l_use_wp3_lim_with_smth_Heaviside = .false.,
# l_smooth_Heaviside_tau_wpxp  = .true.,
# l_modify_limiters_for_cnvg_test = .false.,
# l_enable_relaxed_clipping    = .false.,
# l_linearize_pbl_winds        = .false.,
# l_mono_flux_lim_thlm         = .true.,
# l_mono_flux_lim_rtm          = .true.,
# l_mono_flux_lim_um           = .true.,
# l_mono_flux_lim_vm           = .true.,
# l_mono_flux_lim_spikefix     = .true.,
# l_host_applies_sfc_fluxes    = .false.,
# l_wp2_fill_holes_tke         = .false.
# /
# 
# &configurable_silhs_flags_nl
# cluster_allocation_strategy = 3
# 
# l_lh_importance_sampling    = .true.
# l_Lscale_vert_avg           = .false.
# l_lh_straight_mc            = .false.
# l_lh_clustered_sampling     = .true.
# l_rcm_in_cloud_k_lh_start   = .true.
# l_random_k_lh_start         = .false.
# l_max_overlap_in_cloud      = .true.
# l_lh_instant_var_covar_src  = .true.
# l_lh_limit_weights          = .true.
# l_lh_var_frac               = .false.
# l_lh_normalize_weights      = .true.
# /
# 
# 
# 
# &model_setting
# 
# 
# 
# total_runs=1
# 
# runtype = "arm" 
# 
# 
# nzmax = 110       
# 
# grid_type = 1     
#                   
#                   
#                   
#                   
#                   
#                   
#                   
#                   
#                   
# 
# 
# 
# deltaz_nl = 160.0
# zm_init_nl = 0.0 
# zm_top_nl = 5350.0 
# 
# 
# 
# 
# 
# zt_grid_fname = ''
# 
# 
# 
# 
# 
# zm_grid_fname = ''
# 
# day   = 21    
# month = 6     
# year  = 1997  
# 
# lat_vals = 36.62  
# lon_vals = -97.5  
# 
# sfc_elevation_nl = 0.0     
# 
# time_initial = 41400.0  
# time_final = 93600.0    
# 
# dt_main    = 60.0   
# dt_rad = 60.0   
# 
# l_t_dependent = .true. 
#                        
# 
# 
# sfctype = 1      
#                  
#                  
#                  
#                  
#                  
# 
# p_sfc_nl = 970.e2    
# 
# fcor_nl = 8.5e-5    
# T0   = 300.      
# 
# 
# 
# 
# 
# 
# 
# 
# 
# thlm_sponge_damp_settings%l_sponge_damping = .false.
# thlm_sponge_damp_settings%tau_sponge_damp_min = 60. 
# thlm_sponge_damp_settings%tau_sponge_damp_max = 1800. 
# thlm_sponge_damp_settings%sponge_damp_depth = 0.25
# 
# rtm_sponge_damp_settings%l_sponge_damping = .false.
# rtm_sponge_damp_settings%tau_sponge_damp_min = 60. 
# rtm_sponge_damp_settings%tau_sponge_damp_max = 1800. 
# rtm_sponge_damp_settings%sponge_damp_depth = 0.25
# 
# uv_sponge_damp_settings%l_sponge_damping = .false.
# uv_sponge_damp_settings%tau_sponge_damp_min = 60. 
# uv_sponge_damp_settings%tau_sponge_damp_max = 1800. 
# uv_sponge_damp_settings%sponge_damp_depth = 0.25
# 
# l_restart      = .false.  
# 
# 
# restart_path_case  = "restart/arm"
# time_restart  = 0.0      
#                          
# 
# 
# 
# 
# 
# 
# debug_level = 0
# 
# 
# 
# 
# 
# sclr_dim   = 0  
# 
# iisclr_rt  = -1  
# iisclr_thl = -2 
# 
# sclr_tol_nl  = 1.e-2, 1.e-8 
# 
# 
# 
# 
# 
# edsclr_dim  = 0
# 
# iiedsclr_rt     = -1 
# iiedsclr_thl    = -2 
# 
# l_input_fields = .false.
# /
# 
# &gfdl_activation_setting
# 
# /
# 
# &microphysics_setting
# 
# 
# microphys_scheme = "none" 
# /
# 
# &radiation_setting
# 
# rad_scheme = "none",
# l_calc_thlp2_rad = .false.,
# /
# 
# &stats_setting
# 
# 
# 
# l_stats = .false.
# fname_prefix = "arm"    
# stats_tsamp  = 60.      
#                         
#                         
#                         
# stats_tout   = 60.      
# stats_fmt    = "netcdf"  
# 
# /
# 
# &setfields
# datafile = "../sam_benchmark_runs/ARM_96x96x110/GCSSARM_96x96x110_67m_40m_1s.nc"
# input_type = "SAM"  
# l_input_um = .true. 
# l_input_vm = .true.
# l_input_rtm = .true. 
# l_input_thlm = .true.
# l_input_wp2 = .true.
# l_input_wprtp = .true.
# l_input_wpthlp = .true.
# l_input_wp3 = .true.
# l_input_rtp2 = .true.
# l_input_thlp2 = .true.
# l_input_rtpthlp = .true.
# l_input_upwp = .true.
# l_input_vpwp = .true.
# l_input_rcm = .true.
# l_input_em = .true.
# l_input_p = .true.
# l_input_up2 = .true.
# l_input_vp2 = .true.
# /
# 
# 
# 
# 
# 
# 
# 
# 
# 
# 
# 
# 
# &statsnl
# 
# vars_zt = 
# 'thlm', 'thvm', 'rtm', 'rcm', 'rvm', 'um', 'vm', 'um_ref', 'vm_ref', 'wm_zt',
# 'ug', 'vg', 'cloud_frac', 'ice_supersat_frac', 'cloud_cover', 'rcm_in_layer',
# 'rcm_in_cloud', 'p_in_Pa', 'exner', 'rho_ds_zt', 'thv_ds_zt', 'Lscale', 'T_in_K',
# 'rel_humidity', 'wp3', 'thlp3', 'rtp3', 'wpthlp2', 'wp2thlp', 'wprtp2', 'wp2rtp', 'Skw_zt',
# 'Skthl_zt', 'Skrt_zt',
# 'Lscale_up', 'Lscale_down', 'tau_zt', 'Kh_zt', 'wp2thvp', 'wp2rcp', 'wp2hmp',
# 
# 'wprtpthlp', 'wpup2', 'wpvp2', 'rc_coef', 'Lscale_pert_1', 'Lscale_pert_2',
# 'sigma_sqd_w_zt', 'rho', 'radht', 'radht_LW', 'radht_SW',
# 'Ncm', 'Nc_in_cloud', 'Nc_activated', 'Nccnm', 'Nim', 'snowslope', 'Nsm', 'Ngm', 
# 'sed_rcm', 'rsat', 'rsati',
# 'rrm', 'Nrm', 'm_vol_rad_rain', 'm_vol_rad_cloud',
# 'eff_rad_cloud', 'eff_rad_ice', 'eff_rad_snow', 'eff_rad_rain', 'eff_rad_graupel',
# 'precip_rate_zt', 'rsm', 'rim', 'rgm',
# 'diam', 'mass_ice_cryst', 'rcm_icedfs', 'u_T_cm',
# 'rtm_bt', 'rtm_ma', 'rtm_ta', 'rtm_mfl', 'rtm_tacl', 'rtm_cl',
# 'rtm_forcing', 'rtm_sdmp', 'rtm_mc', 'rtm_pd', 'rvm_mc', 'rcm_mc', 'rcm_sd_mg_morr',
# 'thlm_bt', 'thlm_ma', 'thlm_ta', 'thlm_mfl', 'thlm_tacl', 'thlm_cl',
# 'thlm_forcing', 'thlm_sdmp', 'thlm_mc', 
# 'thlm_old', 'thlm_without_ta',
# 'thlm_mfl_min', 'thlm_mfl_max', 'thlm_enter_mfl', 'thlm_exit_mfl',
# 'rtm_old', 'rtm_without_ta',
# 'rtm_mfl_min', 'rtm_mfl_max', 'rtm_enter_mfl', 'rtm_exit_mfl',
# 'um_bt', 'um_ma', 'um_gf', 'um_cf', 'um_ta', 'um_f', 
# 'um_sdmp', 'um_ndg', 'um_mfl',
# 'vm_bt', 'vm_ma', 'vm_gf', 'vm_cf', 'vm_ta', 'vm_f', 
# 'vm_sdmp', 'vm_ndg', 'vm_mfl',
# 'wp3_bt', 'wp3_ma', 'wp3_ta', 'wp3_tp', 'wp3_ac', 'wp3_bp1', 'wp3_pr_turb', 'wp3_pr_dfsn',
# 'wp3_pr1', 'wp3_pr2', 'wp3_pr3', 'wp3_pr_tp', 'wp3_dp1', 'wp3_sdmp', 'wp3_cl', 'wp3_splat',
# 'rtp3_bt', 'rtp3_tp', 'rtp3_ac', 'rtp3_dp',
# 'thlp3_bt', 'thlp3_tp', 'thlp3_ac', 'thlp3_dp',
# 'rrm_bt', 'rrm_ma', 'rrm_sd', 'rrm_ts', 'rrm_sd_morr',
# 'rrm_ta', 'rrm_evap', 'rrm_auto', 'rrm_accr',
# 'rrm_evap_adj', 'rrm_src_adj',
# 'rrm_hf', 'rrm_wvhf', 'rrm_cl', 'rrm_mc',
# 'Nrm_bt', 'Nrm_ma', 'Nrm_sd', 'Nrm_ts', 'Nrm_ta', 'Nrm_evap', 'Nrm_auto',
# 'Nrm_evap_adj', 'Nrm_src_adj', 'Nrm_cl', 'Nrm_mc',
# 'Ncm_bt', 'Ncm_ma', 'Ncm_ta', 'Ncm_mc', 'Ncm_cl', 'Ncm_act',
# 'rsm_bt', 'rsm_ma', 'rsm_sd', 'rsm_sd_morr', 'rsm_ta', 'rsm_mc',
# 'rsm_hf', 'rsm_wvhf', 'rsm_cl',
# 'rim_bt', 'rim_ma', 'rim_sd', 'rim_sd_mg_morr', 'rim_ta', 'rim_mc',
# 'rim_hf', 'rim_wvhf', 'rim_cl',
# 'rgm_bt', 'rgm_ma', 'rgm_sd', 'rgm_sd_morr', 'rgm_ta',
# 'rgm_mc', 'rgm_hf', 'rgm_wvhf', 'rgm_cl',
# 'Nsm_bt', 'Nsm_mc', 'Nsm_ta', 'Nsm_ma', 'Nsm_sd', 'Nsm_cl', 
# 'Nim_bt', 'Nim_mc', 'Nim_ta', 'Nim_ma', 'Nim_sd', 'Nim_cl', 
# 'Ngm_bt', 'Ngm_mc', 'Ngm_ta', 'Ngm_ma', 'Ngm_sd', 'Ngm_cl',
# 'w_KK_evap_covar_zt', 'rt_KK_evap_covar_zt', 'thl_KK_evap_covar_zt', 
# 'w_KK_auto_covar_zt', 'rt_KK_auto_covar_zt', 'thl_KK_auto_covar_zt', 
# 'w_KK_accr_covar_zt', 'rt_KK_accr_covar_zt', 'thl_KK_accr_covar_zt',
# 'rr_KK_mvr_covar_zt', 'Nr_KK_mvr_covar_zt', 'KK_mvr_variance_zt',
# 'mixt_frac', 'w_1', 'w_2', 'varnce_w_1', 'varnce_w_2', 'thl_1', 'thl_2', 'varnce_thl_1', 'varnce_thl_2',
# 'rt_1', 'rt_2', 'varnce_rt_1', 'varnce_rt_2', 'rc_1', 'rc_2', 'rsatl_1', 'rsatl_2', 
# 'cloud_frac_1', 'cloud_frac_2', 'a3_coef_zt', 'wp3_on_wp2_zt',
# 'chi_1', 'chi_2', 'stdev_chi_1', 'stdev_chi_2', 'stdev_eta_1', 'stdev_eta_2',
# 'covar_chi_eta_1', 'covar_chi_eta_2', 'corr_w_chi_1', 'corr_w_chi_2',
# 'corr_w_eta_1', 'corr_w_eta_2', 'corr_chi_eta_1', 'corr_chi_eta_2',
# 'corr_w_rt_1', 'corr_w_rt_2', 'corr_w_thl_1', 'corr_w_thl_2',
# 'corr_rt_thl_1', 'corr_rt_thl_2', 'crt_1', 'crt_2', 'cthl_1', 'cthl_2',
# 'coef_wprtp2_implicit', 'term_wprtp2_explicit',
# 'coef_wpthlp2_implicit', 'term_wpthlp2_explicit',
# 'coef_wprtpthlp_implicit', 'term_wprtpthlp_explicit',
# 'coef_wp2rtp_implicit', 'term_wp2rtp_explicit',
# 'coef_wp2thlp_implicit', 'term_wp2thlp_explicit',
# 'hm_i', 'precip_frac', 'precip_frac_1', 'precip_frac_2', 'Ncnm',
# 'mu_hm_i', 'mu_Ncn_i',
# 'sigma_hm_i', 'sigma_Ncn_i',
# 'corr_w_chi_1_ca', 'corr_w_chi_2_ca', 'corr_w_eta_1_ca', 'corr_w_eta_2_ca',
# 'corr_w_hm_i', 'corr_w_Ncn_i', 'corr_chi_eta_1_ca', 'corr_chi_eta_2_ca',
# 'corr_chi_hm_i', 'corr_chi_Ncn_i', 'corr_eta_hm_i', 'corr_eta_Ncn_i',
# 'corr_Ncn_hm_i', 'corr_hmx_hmy_i',
# 
# 
# 'chi', 'chip2', 'C11_Skw_fnc',
# 'wp2_zt', 'thlp2_zt', 'wpthlp_zt', 'wprtp_zt', 'rtp2_zt', 'rtpthlp_zt',
# 'up2_zt', 'vp2_zt', 'upwp_zt', 'vpwp_zt', 'hmp2_zt',
# 
# 'PSMLT', 'EVPMS', 'PRACS', 'EVPMG', 'PRACG',
# 'PGMLT', 'MNUCCC', 'PSACWS', 'PSACWI', 'QMULTS',
# 'QMULTG', 'PSACWG', 'PGSACW', 'PRD', 'PRCI', 
# 'PRAI', 'QMULTR', 'QMULTRG', 'MNUCCD', 'PRACI', 
# 'PRACIS', 'EPRD', 'MNUCCR', 'PIACR', 'PIACRS',
# 'PGRACS', 'PRDS', 'EPRDS', 'PSACR', 'PRDG', 'EPRDG',
# 'NGSTEN', 'NRSTEN', 'NISTEN', 'NSSTEN', 'NCSTEN', 'NPRC1', 'NRAGG',
# 'NPRACG', 'NSUBR', 'NSMLTR', 'NGMLTR', 'NPRACS', 'NNUCCR', 'NIACR',
# 'NIACRS', 'NGRACS', 'NSMLTS', 'NSAGG', 'NPRCI', 'NSCNG', 'NSUBS', 'PRC', 'PRA',
# 'PRE', 'PCC', 'NNUCCC', 'NPSACWS', 'NPRA', 'NPRC', 'NPSACWI', 'NPSACWG',
# 'NPRAI', 'NMULTS', 'NMULTG', 'NMULTR', 'NMULTRG', 'NNUCCD', 'NSUBI',
# 'NGMLTG', 'NSUBG', 'NACT', 'SIZEFIX_NR', 'SIZEFIX_NC', 'SIZEFIX_NI',
# 'SIZEFIX_NS', 'SIZEFIX_NG', 'NEGFIX_NR', 'NEGFIX_NC', 'NEGFIX_NI', 'NEGFIX_NS', 
# 'NEGFIX_NG', 'NIM_MORR_CL', 'QC_INST', 'QR_INST', 'QI_INST', 'QS_INST', 'QG_INST',
# 'NC_INST', 'NR_INST', 'NI_INST', 'NS_INST', 'NG_INST', 'T_in_K_mc', 'cloud_frac_refined',
# 'rcm_refined', 'hl_on_Cp_residual', 'qto_residual',
# ''
# 
# vars_lh_zt =
# 'AKm', 'lh_AKm', 'AKstd', 'AKstd_cld', 'AKm_rcm', 'AKm_rcc',
# 'lh_thlm_mc', 'lh_rvm_mc', 'lh_rcm_mc', 'lh_Ncm_mc', 'lh_rrm_mc', 'lh_Nrm_mc',
# 'lh_rsm_mc', 'lh_Nsm_mc', 'lh_rgm_mc', 'lh_Ngm_mc', 'lh_rim_mc', 'lh_Nim_mc',
# 'lh_Vrr', 'lh_VNr', 'lh_rrm', 'lh_rim', 'lh_rsm', 'lh_rgm',
# 'lh_thlm', 'lh_rcm', 'lh_rvm', 'lh_wm', 'lh_rcp2_zt', 'lh_rrp2_zt', 
# 'lh_Nrp2_zt', 'lh_Ncp2_zt', 'lh_Ncnp2_zt', 'lh_wp2_zt', 'lh_cloud_frac',
# 'lh_chi', 'lh_eta', 'lh_chip2', 'lh_rtp2_zt', 'lh_thlp2_zt',
# 'lh_Nrm', 'lh_Nim', 'lh_Ncnm', 'lh_Ncm', 'lh_Ngm', 'lh_Nsm',
# 'lh_rcm_avg', 'lh_rrm_auto', 'lh_rrm_accr', 'lh_rrm_evap',
# 'lh_Nrm_auto', 'lh_Nrm_evap', 'lh_rrm_src_adj', 'lh_rrm_evap_adj',
# 'lh_Nrm_src_adj', 'lh_Nrm_evap_adj', 'lh_precip_frac', 'lh_mixt_frac',
# 
# 'lh_m_vol_rad_rain',
# ''
# 
# vars_lh_sfc =
# 'lh_morr_snow_rate', 'lh_lwp', 'lh_vwp', 'k_lh_start',
# 'lh_sample_weights_sum', 'lh_sample_weights_avg',
# ''
# 
# vars_zm = 
# 'wp2', 'rtp2', 'thlp2', 'rtpthlp', 'wprtp', 'wpthlp', 'wp2up2', 'wp2vp2', 'wp4',
# 'up2', 'vp2', 'Skw_zm', 'Skthl_zm', 'Skrt_zm',
# 'wpthvp', 'rtpthvp', 'thlpthvp', 'tau_zm', 'Kh_zm', 'K_hm', 'wprcp', 'rc_coef_zm', 'wm_zm',
# 'thlprcp', 'rtprcp', 'rcp2', 'upwp', 'vpwp',
# 'upthlp', 'uprtp', 'vpthlp', 'vprtp',
# 'upthvp', 'uprcp', 'vpthvp', 'vprcp',
# 'rho_zm', 'sigma_sqd_w', 'Skw_velocity',
# 'gamma_Skw_fnc', 'coef_wp4_implicit', 'C6rt_Skw_fnc', 'C6thl_Skw_fnc', 'C6_term',
# 'C7_Skw_fnc', 'C1_Skw_fnc', 'a3_coef', 'wp3_on_wp2', 'wp3_on_wp2_cfl_num', 'rcm_zm', 'rtm_zm',
# 'thlm_zm', 'cloud_frac_zm', 'ice_supersat_frac_zm', 'rho_ds_zm', 'thv_ds_zm',
# 'em', 'mean_w_up', 'mean_w_down', 'shear', 'wp3_zm', 'thlp3_zm', 'rtp3_zm',
# 'w_1_zm', 'w_2_zm', 'varnce_w_1_zm', 'varnce_w_2_zm', 'mixt_frac_zm',
# 'Frad', 'Frad_LW', 'Frad_SW', 'Frad_LW_up', 'Frad_SW_up', 'Frad_LW_down', 'Frad_SW_down',
# 'Fprec', 'Fcsed',
# 'hydrometp2', 'wphydrometp', 'rtphmp', 'thlphmp', 'hmxphmyp',
# 'Vri', 'VNi', 'Vrc', 'VNc', 'Vrr', 'VNr', 'Vrs', 'VNs', 'Vrg',
# 'Vrrprrp', 'VNrpNrp', 'Vrrprrp_expcalc', 'VNrpNrp_expcalc',
# 'wp2_bt', 'wp2_ma', 'wp2_ta', 'wp2_ac', 'wp2_bp', 'wp2_pr1', 'wp2_pr2',
# 'wp2_pr3', 'wp2_pr_dfsn', 'wp2_dp1', 'wp2_dp2', 'wp2_sdmp',
# 'wp2_cl', 'wp2_pd', 'wp2_sf', 'wp2_splat',
# 'vp2_bt', 'vp2_ma', 'vp2_ta', 'vp2_tp', 'vp2_dp1', 'vp2_dp2',
# 'vp2_pr1', 'vp2_pr2', 'vp2_sdmp', 'vp2_cl', 'vp2_pd', 'vp2_sf', 'vp2_splat',
# 'up2_bt', 'up2_ma', 'up2_ta', 'up2_tp', 'up2_dp1', 'up2_dp2',
# 'up2_pr1', 'up2_pr2', 'up2_sdmp', 'up2_cl', 'up2_pd', 'up2_sf', 'up2_splat',
# 'upwp_bt', 'upwp_ma', 'upwp_ta', 'upwp_tp', 'upwp_ac', 'upwp_bp', 'upwp_pr1',
# 'upwp_pr2', 'upwp_pr3', 'upwp_pr4', 'upwp_dp1', 'upwp_mfl', 'upwp_cl',
# 'vpwp_bt', 'vpwp_ma', 'vpwp_ta', 'vpwp_tp', 'vpwp_ac', 'vpwp_bp', 'vpwp_pr1',
# 'vpwp_pr2', 'vpwp_pr3', 'vpwp_pr4', 'vpwp_dp1', 'vpwp_mfl', 'vpwp_cl',
# 'wprtp_bt', 'wprtp_ma', 'wprtp_ta', 'wprtp_tp', 'wprtp_ac',
# 'wprtp_bp', 'wprtp_pr1', 'wprtp_pr2', 'wprtp_pr3', 'wprtp_dp1',
# 'wprtp_mfl', 'wprtp_cl', 'wprtp_pd', 'wprtp_forcing', 'wprtp_mc',
# 'wpthlp_bt', 'wpthlp_ma', 'wpthlp_ta', 'wpthlp_tp', 'wpthlp_ac',
# 'wpthlp_bp', 'wpthlp_pr1', 'wpthlp_pr2', 'wpthlp_pr3', 'wpthlp_dp1',
# 'wpthlp_mfl', 'wpthlp_cl', 'wpthlp_forcing', 'wpthlp_mc',
# 'rtp2_bt', 'rtp2_ma', 'rtp2_ta', 'rtp2_tp',
# 'rtp2_dp1', 'rtp2_dp2', 'rtp2_cl', 'rtp2_pd', 'rtp2_sf', 'rtp2_forcing', 'rtp2_mc',
# 'thlp2_bt', 'thlp2_ma', 'thlp2_ta', 'thlp2_tp',
# 'thlp2_dp1', 'thlp2_dp2', 'thlp2_cl', 'thlp2_pd', 'thlp2_sf', 'thlp2_forcing', 'thlp2_mc',
# 'rtpthlp_bt', 'rtpthlp_ma', 'rtpthlp_ta', 'rtpthlp_tp1', 'rtpthlp_tp2',
# 'rtpthlp_dp1', 'rtpthlp_dp2', 'rtpthlp_cl', 'rtpthlp_sf', 'rtpthlp_forcing', 'rtpthlp_mc',
# 'wpthlp_enter_mfl', 'wpthlp_exit_mfl', 'wprtp_enter_mfl', 'wprtp_exit_mfl',
# 'wpthlp_mfl_min', 'wpthlp_mfl_max', 'wprtp_mfl_min', 'wprtp_mfl_max',
# 
# 
# 'stability_correction',
# 
# 'bv_freq_sqd', 'bv_freq_sqd_splat', 'bv_freq_sqd_mixed', 'bv_freq_sqd_moist', 'bv_freq_sqd_dry',
# 'bv_freq_sqd_smth', 'bv_freq_out_cloud', 'bv_freq_pos', 'ddzt_umvm_sqd', 'invrs_tau_zm',
# 'invrs_tau_xp2_zm', 'invrs_tau_wp2_zm', 'invrs_tau_wpxp_zm', 'invrs_tau_wp3_zm',
# 'invrs_tau_no_N2_zm', 'invrs_tau_bkgnd', 'invrs_tau_sfc', 'invrs_tau_shear', 'Ri_zm',
# ''
# 
# vars_rad_zt =
# 'T_in_K_rad', 'rcil_rad', 'o3l_rad', 'rsm_rad', 'rcm_in_cloud_rad',
# 'cloud_frac_rad', 'ice_supersat_frac_rad', 'radht_rad', 'radht_SW_rad', 'radht_LW_rad',
# 'p_in_mb_rad', 'sp_humidity_rad',
# ''
# 
# 
# vars_rad_zm =
# 'Frad_SW_rad', 'Frad_LW_rad', 'Frad_SW_up_rad', 'Frad_LW_up_rad', 'Frad_SW_down_rad', 'Frad_LW_down_rad',
# 'fulwcl', 'fdlwcl', 'fdswcl', 'fuswcl',
# ''
# 
# vars_sfc = 
# 'ustar', 'soil_heat_flux', 'veg_T_in_K', 'sfc_soil_T_in_K', 'deep_soil_T_in_K', 
# 'lh', 'sh', 'cc', 'lwp', 'vwp',
# 'swp', 'iwp', 'rwp', 'z_cloud_base', 'z_inversion', 'precip_rate_sfc',
# 'rain_flux_sfc', 'rrm_sfc', 'precip_frac_tol', 
# 'wpthlp_sfc', 'wprtp_sfc', 'upwp_sfc', 'vpwp_sfc',
# 'morr_snow_rate',
# 'thlm_vert_avg', 'rtm_vert_avg', 'um_vert_avg', 'vm_vert_avg', 
# 'wp2_vert_avg', 'up2_vert_avg', 'vp2_vert_avg', 'rtp2_vert_avg', 
# 'thlp2_vert_avg', 'T_sfc', 
# 'rtm_spur_src', 'thlm_spur_src',
# 
# 
# 'rs_sd_morr_int',
# 'tot_vartn_normlzd_rtm', 'tot_vartn_normlzd_thlm', 'tot_vartn_normlzd_wprtp',
# ''
# 
# /
