ngrdcol,iterations,total_runs,total,compute_i,baseline,acc_data_copyin_r,runloop_r,mainloop_r,advance_clubb_core_api_r,acc_data_create_r,i_loops_r,ik_loops_r,penta_lu_solve_multiple_rhs_lhs_r,tridiag_lu_solve_multiple_rhs_lhs_r,fill_holes_r,penta_lu_solve_single_rhs_multiple_lhs_r,output_multi_col_r
128,870,1,2.998638868331909,0.00039373394173223837,2.656090339024862,0.0,0.316,0.316,0.256,0.0,0.0,0.017,0.014,0.008,0.002,0.005,0.008
256,870,1,3.1365063190460205,0.0005331515352387993,2.672664483388265,0.0,0.432,0.432,0.386,0.0,0.0,0.031,0.015,0.008,0.006,0.006,0.006
384,870,1,3.2807552814483643,0.0007397945813292289,2.637133995691935,0.0,0.562,0.561,0.517,0.0,0.0,0.042,0.015,0.009,0.009,0.006,0.005
512,870,1,3.277172088623047,0.000573567229669213,2.7781685988108316,0.0,0.512,0.512,0.463,0.0,0.0,0.026,0.017,0.009,0.013,0.007,0.006
640,870,1,3.455432891845703,0.0009237800064671544,2.651744286219279,0.0,0.663,0.663,0.622,0.0,0.0,0.039,0.018,0.01,0.016,0.008,0.004
768,870,1,3.5150842666625977,0.0009297295091709416,2.7062195936838784,0.0,0.806,0.805,0.763,0.0,0.0,0.055,0.019,0.011,0.02,0.009,0.004
896,870,1,3.7252814769744873,0.0012104234476199094,2.672213077545166,0.0,0.954,0.954,0.91,0.0,0.0,0.068,0.02,0.012,0.023,0.01,0.004
1024,870,1,3.6756789684295654,0.0011262929302522505,2.6958041191101074,0.0,0.874,0.874,0.832,0.0,0.0,0.048,0.022,0.011,0.027,0.011,0.004
1152,870,1,3.8478212356567383,0.0013535834820334483,2.670203606287638,0.0,1.056,1.055,1.01,0.0,0.0,0.062,0.023,0.014,0.031,0.011,0.004
1280,870,1,4.010494709014893,0.0015554872052422886,2.6572208404541016,0.0,1.197,1.196,1.148,0.0,0.0,0.076,0.024,0.015,0.035,0.013,0.004
1408,870,1,4.218197584152222,0.00178496563571623,2.6652774810791016,0.0,1.379,1.378,1.326,0.0,0.0,0.09,0.027,0.017,0.039,0.014,0.004
1536,870,1,4.148449897766113,0.0016770347324824425,2.689429680506388,0.0,1.383,1.382,1.325,0.0,0.0,0.077,0.029,0.016,0.042,0.015,0.004
1664,870,1,4.5148327350616455,0.002116991642334452,2.6730500062306723,0.0,1.702,1.701,1.628,0.0,0.0,0.099,0.034,0.019,0.045,0.016,0.004
1792,870,1,4.839724063873291,0.002503522237141927,2.6616597175598145,0.0,2.006,2.006,1.914,0.0,0.001,0.12,0.042,0.02,0.047,0.018,0.004
1920,870,1,5.208721399307251,0.0029511668216223004,2.6412062644958496,0.0,2.417,2.416,2.298,0.0,0.001,0.151,0.058,0.023,0.049,0.02,0.004
2048,870,1,5.560536861419678,0.003344472432045187,2.6508458455403647,0.0,2.822,2.82,2.684,0.0,0.001,0.169,0.071,0.027,0.051,0.025,0.004
2176,870,1,6.24864935874939,0.004115578406615275,2.6680961449941,0.0,3.434,3.432,3.268,0.0,0.001,0.214,0.091,0.033,0.053,0.03,0.004
2304,870,1,6.850477933883667,0.004786777039597318,2.6859819094340005,0.0,4.016,4.015,3.826,0.0,0.001,0.256,0.112,0.04,0.055,0.035,0.004
2432,870,1,7.527345180511475,0.005571333475953317,2.6802850564320884,0.0,4.665,4.664,4.45,0.0,0.001,0.304,0.138,0.046,0.058,0.042,0.004
2560,870,1,8.243000507354736,0.006424253197008622,2.653900225957235,0.0,5.265,5.264,5.019,0.0,0.001,0.334,0.165,0.05,0.061,0.047,0.004
2688,870,1,8.814007759094238,0.007046057529376385,2.6839377085367837,0.0,5.929,5.927,5.655,0.0,0.002,0.377,0.192,0.055,0.064,0.055,0.004
2816,870,1,9.478646755218506,0.007820967056742116,2.6744054158528647,0.0,6.615,6.614,6.3,0.0,0.002,0.428,0.218,0.057,0.068,0.063,0.004
2944,870,1,10.104485034942627,0.008557522525275805,2.6594404379526773,0.0,7.318,7.316,6.976,0.0,0.002,0.477,0.24,0.06,0.07,0.074,0.004
3072,870,1,10.627526760101318,0.009162843455756763,2.655852953592936,0.0,7.957,7.955,7.578,0.0,0.003,0.516,0.262,0.061,0.074,0.084,0.004
3200,870,1,11.416234731674194,0.010057594675670639,2.666127363840739,0.0,8.591,8.589,8.195,0.0,0.003,0.555,0.277,0.067,0.078,0.098,0.004
3328,870,1,12.046788692474365,0.01075533395526053,2.689648151397705,0.0,9.261,9.259,8.849,0.0,0.003,0.6,0.293,0.074,0.083,0.114,0.004
3456,870,1,12.711130619049072,0.011547596792608385,2.664721409479777,0.0,9.915,9.912,9.487,0.0,0.004,0.643,0.309,0.079,0.087,0.128,0.004
3584,870,1,13.262714147567749,0.012181940023926483,2.664426326751709,0.0,10.499,10.497,10.057,0.0,0.004,0.677,0.327,0.083,0.089,0.145,0.004
3712,870,1,13.870738983154297,0.012862241313832016,2.680589040120443,0.0,11.088,11.086,10.635,0.0,0.004,0.709,0.343,0.088,0.095,0.154,0.004
3840,870,1,14.470277547836304,0.013569422791287361,2.6648797194163003,0.0,11.687,11.685,11.22,0.0,0.004,0.758,0.363,0.093,0.097,0.17,0.004
3968,870,1,15.233218669891357,0.014404073620207923,2.7016746203104653,0.0,12.368,12.366,11.891,0.0,0.004,0.8,0.377,0.099,0.103,0.183,0.004
4096,870,1,15.746919631958008,0.015043668911374848,2.6589276790618896,0.0,13.002,13.0,12.512,0.0,0.004,0.843,0.389,0.1,0.102,0.203,0.004
4352,870,1,17.20444369316101,0.016683274119293098,2.689995209376017,0.0,14.335,14.332,13.813,0.0,0.005,0.937,0.425,0.112,0.114,0.228,0.004
4608,870,1,18.47415280342102,0.0181722916862517,2.6642590363820395,0.0,15.581,15.578,15.038,0.0,0.005,1.024,0.459,0.122,0.119,0.259,0.004
4864,870,1,19.679012060165405,0.01846369536900429,3.6155970891316733,0.0,16.886,16.883,16.316,0.001,0.005,1.136,0.49,0.134,0.13,0.282,0.004
5120,870,1,21.04935646057129,0.021124921447929296,2.6706748008728027,0.0,18.219,18.216,17.627,0.001,0.006,1.222,0.53,0.144,0.129,0.306,0.004
5376,870,1,22.604196071624756,0.022924151000391937,2.660184701283773,0.0,19.681,19.678,19.061,0.001,0.006,1.329,0.565,0.157,0.15,0.326,0.004
5632,870,1,23.96766710281372,0.02446257456052349,2.6852272351582847,0.0,21.088,21.085,20.442,0.001,0.007,1.433,0.611,0.17,0.149,0.35,0.004
5888,870,1,25.492297172546387,0.026210010736838155,2.6895878314971924,0.0,22.538,22.533,21.871,0.001,0.007,1.556,0.65,0.185,0.161,0.371,0.004
6144,870,1,26.983577728271484,0.02792890181486634,2.6854331493377686,0.0,24.044,24.04,23.345,0.001,0.007,1.663,0.695,0.199,0.156,0.389,0.004
6400,870,1,28.52053952217102,0.029647737992677652,2.7270074685414634,0.0,25.638,25.633,24.91,0.001,0.008,1.771,0.736,0.215,0.181,0.409,0.004
6656,870,1,30.09300208091736,0.03145961469160643,2.723137299219767,0.0,27.144,27.14,26.387,0.001,0.007,1.882,0.785,0.232,0.178,0.428,0.004
6912,870,1,31.65883469581604,0.03323426721653262,2.7450222174326577,0.0,28.693,28.688,27.913,0.001,0.008,1.992,0.835,0.247,0.196,0.445,0.004
7168,870,1,33.275846004486084,0.03516370583311351,2.6834219296773276,0.0,30.265,30.26,29.454,0.001,0.008,2.123,0.888,0.267,0.182,0.466,0.004
7424,870,1,34.95708179473877,0.0370555672152289,2.718738317489624,0.0,31.938,31.932,31.102,0.001,0.008,2.228,0.942,0.284,0.213,0.481,0.004
7680,870,1,36.540611743927,0.03890569995646276,2.692652781804403,0.0,33.506,33.501,32.641,0.001,0.008,2.347,0.997,0.304,0.205,0.5,0.004
7936,870,1,38.19343280792236,0.040759245645954234,2.732889095942179,0.0,35.153,35.147,34.265,0.001,0.009,2.455,1.048,0.32,0.226,0.517,0.004
8192,870,1,39.841699838638306,0.04265743498601219,2.7297314008076987,0.0,36.822,36.816,35.908,0.001,0.009,2.543,1.073,0.334,0.214,0.526,0.004
9216,870,1,46.70368528366089,0.05055411674967214,2.7216037114461265,0.0,43.558,43.552,42.528,0.001,0.01,3.053,1.313,0.423,0.234,0.603,0.004
10240,870,1,53.76868438720703,0.058711212987644,2.6899290879567466,0.0,50.524,50.517,49.388,0.001,0.011,3.536,1.516,0.509,0.261,0.674,0.004
11264,870,1,60.81640839576721,0.06677680490574162,2.720588127772013,0.0,57.548,57.54,56.295,0.001,0.012,4.047,1.72,0.605,0.287,0.746,0.004
12288,870,1,68.05176091194153,0.075071964410073,2.739151875178019,0.0,64.762,64.752,63.4,0.001,0.013,4.582,1.928,0.7,0.316,0.813,0.004
13312,870,1,75.55843734741211,0.0836155046448397,2.812948306401571,0.0,72.148,72.137,70.654,0.001,0.014,5.2,2.142,0.806,0.34,0.891,0.004
14336,870,1,82.97116780281067,0.09216637008491604,2.786425828933716,0.0,79.585,79.574,77.97,0.001,0.015,5.815,2.361,0.907,0.368,0.963,0.004
15360,870,1,90.70162391662598,0.1010425442480036,2.7946104208628335,0.0,87.263,87.252,85.525,0.001,0.016,6.493,2.589,0.999,0.393,1.039,0.004
16384,870,1,98.59886026382446,0.11009500684409305,2.816204309463501,0.0,94.799,94.787,92.979,0.001,0.017,7.098,2.774,1.072,0.484,0.987,0.004
20480,870,1,131.9060091972351,0.1483137189200098,2.8730737368265786,0.0,128.016,128.001,125.657,0.001,0.021,9.98,3.821,1.436,0.539,1.37,0.004
24576,870,1,166.9585156440735,0.188607012083704,2.870415131251017,0.0,162.903,162.885,160.042,0.001,0.025,12.608,4.841,1.736,0.679,1.795,0.004
28672,870,1,204.22582030296326,0.23134890479603032,2.95227313041687,0.0,199.768,199.747,196.295,0.001,0.029,15.272,5.965,2.069,0.772,2.43,0.004
32768,870,1,241.97485375404358,0.2746235776221615,3.0523412227630615,0.0,237.141,237.117,233.212,0.001,0.033,17.333,6.883,2.346,1.312,2.996,0.004
65536,870,1,558.5880870819092,0.6383981815243133,3.1816691557566323,0.0,551.932,551.885,543.498,0.002,0.063,37.424,16.526,5.456,5.697,8.562,0.004

# Timing script options
# - ngrdcol_max = 65536
# - tasks = 128 -- results in a max of 512 columns per task
# - working dir = /glade/u/home/huebler/Code/clubb_performance_testing_feb25/clubb_7763_2x_intel/run_scripts
# - hostname = dec2325 : dec2325.de.hpc.ucar.edu
# - git hash = 6c5035e6e1271d0d8df19d5fe24c424e0592abf0
# - tweaked_params = C8,C6rt,C6thl,beta
# - gpu used = False
# - module list = ncarenv/23.06:craype/2.7.20:cray-mpich/8.1.25:ncarcompilers/1.0.0:intel/2023.0.0:hdf5/1.12.2:netcdf/4.9.2:gptl/8.1.1

# Metadata from clubb.in (the parameters listed are only the last set tested)
# &multicol_def
# ngrdcol = 512
# l_output_multi_col = .false.
# calls_per_out = 1
# /
# &clubb_params_nl
# C1 = 1.0, 1.0, 1.0, 1.0, 1.0, 1.0, 1.0, 1.0, 1.0, 1.0, 1.0, 1.0, 1.0, 1.0, 1.0, 1.0, 1.0, 1.0, 1.0, ... 1.0, 1.0, 1.0, 1.0, 1.0, 1.0, 1.0, 1.0, 1.0, 1.0, 1.0, 1.0, 1.0, 1.0, 1.0, 1.0, 1.0, 1.0, 1.0, 1.0
# C1b = 1.0, 1.0, 1.0, 1.0, 1.0, 1.0, 1.0, 1.0, 1.0, 1.0, 1.0, 1.0, 1.0, 1.0, 1.0, 1.0, 1.0, 1.0, 1.0,... 1.0, 1.0, 1.0, 1.0, 1.0, 1.0, 1.0, 1.0, 1.0, 1.0, 1.0, 1.0, 1.0, 1.0, 1.0, 1.0, 1.0, 1.0, 1.0, 1.0
# C1c = 1.0, 1.0, 1.0, 1.0, 1.0, 1.0, 1.0, 1.0, 1.0, 1.0, 1.0, 1.0, 1.0, 1.0, 1.0, 1.0, 1.0, 1.0, 1.0,... 1.0, 1.0, 1.0, 1.0, 1.0, 1.0, 1.0, 1.0, 1.0, 1.0, 1.0, 1.0, 1.0, 1.0, 1.0, 1.0, 1.0, 1.0, 1.0, 1.0
# C2rt = 2.0, 2.0, 2.0, 2.0, 2.0, 2.0, 2.0, 2.0, 2.0, 2.0, 2.0, 2.0, 2.0, 2.0, 2.0, 2.0, 2.0, 2.0, 2.0... 2.0, 2.0, 2.0, 2.0, 2.0, 2.0, 2.0, 2.0, 2.0, 2.0, 2.0, 2.0, 2.0, 2.0, 2.0, 2.0, 2.0, 2.0, 2.0, 2.0
# C2thl = 2.0, 2.0, 2.0, 2.0, 2.0, 2.0, 2.0, 2.0, 2.0, 2.0, 2.0, 2.0, 2.0, 2.0, 2.0, 2.0, 2.0, 2.0, 2.... 2.0, 2.0, 2.0, 2.0, 2.0, 2.0, 2.0, 2.0, 2.0, 2.0, 2.0, 2.0, 2.0, 2.0, 2.0, 2.0, 2.0, 2.0, 2.0, 2.0
# C2rtthl = 2.0, 2.0, 2.0, 2.0, 2.0, 2.0, 2.0, 2.0, 2.0, 2.0, 2.0, 2.0, 2.0, 2.0, 2.0, 2.0, 2.0, 2.0, ... 2.0, 2.0, 2.0, 2.0, 2.0, 2.0, 2.0, 2.0, 2.0, 2.0, 2.0, 2.0, 2.0, 2.0, 2.0, 2.0, 2.0, 2.0, 2.0, 2.0
# C4 = 2.0, 2.0, 2.0, 2.0, 2.0, 2.0, 2.0, 2.0, 2.0, 2.0, 2.0, 2.0, 2.0, 2.0, 2.0, 2.0, 2.0, 2.0, 2.0, ... 2.0, 2.0, 2.0, 2.0, 2.0, 2.0, 2.0, 2.0, 2.0, 2.0, 2.0, 2.0, 2.0, 2.0, 2.0, 2.0, 2.0, 2.0, 2.0, 2.0
# C_uu_shr = 0.4, 0.4, 0.4, 0.4, 0.4, 0.4, 0.4, 0.4, 0.4, 0.4, 0.4, 0.4, 0.4, 0.4, 0.4, 0.4, 0.4, 0.4,... 0.4, 0.4, 0.4, 0.4, 0.4, 0.4, 0.4, 0.4, 0.4, 0.4, 0.4, 0.4, 0.4, 0.4, 0.4, 0.4, 0.4, 0.4, 0.4, 0.4
# C_uu_buoy = 0.3, 0.3, 0.3, 0.3, 0.3, 0.3, 0.3, 0.3, 0.3, 0.3, 0.3, 0.3, 0.3, 0.3, 0.3, 0.3, 0.3, 0.3... 0.3, 0.3, 0.3, 0.3, 0.3, 0.3, 0.3, 0.3, 0.3, 0.3, 0.3, 0.3, 0.3, 0.3, 0.3, 0.3, 0.3, 0.3, 0.3, 0.3
# C6rt = 1.0, 1.00587084148728, 1.0117416829745598, 1.0176125244618395, 1.0234833659491194, 1.02935420..., 3.9706457925636007, 3.9765166340508804, 3.98238747553816, 3.98825831702544, 3.99412915851272, 4.0
# C6rtb = 2.0, 2.0, 2.0, 2.0, 2.0, 2.0, 2.0, 2.0, 2.0, 2.0, 2.0, 2.0, 2.0, 2.0, 2.0, 2.0, 2.0, 2.0, 2.... 2.0, 2.0, 2.0, 2.0, 2.0, 2.0, 2.0, 2.0, 2.0, 2.0, 2.0, 2.0, 2.0, 2.0, 2.0, 2.0, 2.0, 2.0, 2.0, 2.0
# C6rtc = 1.0, 1.0, 1.0, 1.0, 1.0, 1.0, 1.0, 1.0, 1.0, 1.0, 1.0, 1.0, 1.0, 1.0, 1.0, 1.0, 1.0, 1.0, 1.... 1.0, 1.0, 1.0, 1.0, 1.0, 1.0, 1.0, 1.0, 1.0, 1.0, 1.0, 1.0, 1.0, 1.0, 1.0, 1.0, 1.0, 1.0, 1.0, 1.0
# C6thl = 1.0, 1.00587084148728, 1.0117416829745598, 1.0176125244618395, 1.0234833659491194, 1.0293542..., 3.9706457925636007, 3.9765166340508804, 3.98238747553816, 3.98825831702544, 3.99412915851272, 4.0
# C6thlb = 2.0, 2.0, 2.0, 2.0, 2.0, 2.0, 2.0, 2.0, 2.0, 2.0, 2.0, 2.0, 2.0, 2.0, 2.0, 2.0, 2.0, 2.0, 2... 2.0, 2.0, 2.0, 2.0, 2.0, 2.0, 2.0, 2.0, 2.0, 2.0, 2.0, 2.0, 2.0, 2.0, 2.0, 2.0, 2.0, 2.0, 2.0, 2.0
# C6thlc = 1.0, 1.0, 1.0, 1.0, 1.0, 1.0, 1.0, 1.0, 1.0, 1.0, 1.0, 1.0, 1.0, 1.0, 1.0, 1.0, 1.0, 1.0, 1... 1.0, 1.0, 1.0, 1.0, 1.0, 1.0, 1.0, 1.0, 1.0, 1.0, 1.0, 1.0, 1.0, 1.0, 1.0, 1.0, 1.0, 1.0, 1.0, 1.0
# C7 = 0.5, 0.5, 0.5, 0.5, 0.5, 0.5, 0.5, 0.5, 0.5, 0.5, 0.5, 0.5, 0.5, 0.5, 0.5, 0.5, 0.5, 0.5, 0.5, ... 0.5, 0.5, 0.5, 0.5, 0.5, 0.5, 0.5, 0.5, 0.5, 0.5, 0.5, 0.5, 0.5, 0.5, 0.5, 0.5, 0.5, 0.5, 0.5, 0.5
# C7b = 0.5, 0.5, 0.5, 0.5, 0.5, 0.5, 0.5, 0.5, 0.5, 0.5, 0.5, 0.5, 0.5, 0.5, 0.5, 0.5, 0.5, 0.5, 0.5,... 0.5, 0.5, 0.5, 0.5, 0.5, 0.5, 0.5, 0.5, 0.5, 0.5, 0.5, 0.5, 0.5, 0.5, 0.5, 0.5, 0.5, 0.5, 0.5, 0.5
# C7c = 0.5, 0.5, 0.5, 0.5, 0.5, 0.5, 0.5, 0.5, 0.5, 0.5, 0.5, 0.5, 0.5, 0.5, 0.5, 0.5, 0.5, 0.5, 0.5,... 0.5, 0.5, 0.5, 0.5, 0.5, 0.5, 0.5, 0.5, 0.5, 0.5, 0.5, 0.5, 0.5, 0.5, 0.5, 0.5, 0.5, 0.5, 0.5, 0.5
# C8 = 0.25, 0.25146771037182, 0.25293542074363995, 0.25440313111545987, 0.25587084148727984, 0.257338..., 0.9926614481409002, 0.9941291585127201, 0.99559686888454, 0.99706457925636, 0.99853228962818, 1.0
# C8b = 0.02, 0.02, 0.02, 0.02, 0.02, 0.02, 0.02, 0.02, 0.02, 0.02, 0.02, 0.02, 0.02, 0.02, 0.02, 0.02....02, 0.02, 0.02, 0.02, 0.02, 0.02, 0.02, 0.02, 0.02, 0.02, 0.02, 0.02, 0.02, 0.02, 0.02, 0.02, 0.02
# C11 = 0.4, 0.4, 0.4, 0.4, 0.4, 0.4, 0.4, 0.4, 0.4, 0.4, 0.4, 0.4, 0.4, 0.4, 0.4, 0.4, 0.4, 0.4, 0.4,... 0.4, 0.4, 0.4, 0.4, 0.4, 0.4, 0.4, 0.4, 0.4, 0.4, 0.4, 0.4, 0.4, 0.4, 0.4, 0.4, 0.4, 0.4, 0.4, 0.4
# C11b = 0.4, 0.4, 0.4, 0.4, 0.4, 0.4, 0.4, 0.4, 0.4, 0.4, 0.4, 0.4, 0.4, 0.4, 0.4, 0.4, 0.4, 0.4, 0.4... 0.4, 0.4, 0.4, 0.4, 0.4, 0.4, 0.4, 0.4, 0.4, 0.4, 0.4, 0.4, 0.4, 0.4, 0.4, 0.4, 0.4, 0.4, 0.4, 0.4
# C11c = 0.5, 0.5, 0.5, 0.5, 0.5, 0.5, 0.5, 0.5, 0.5, 0.5, 0.5, 0.5, 0.5, 0.5, 0.5, 0.5, 0.5, 0.5, 0.5... 0.5, 0.5, 0.5, 0.5, 0.5, 0.5, 0.5, 0.5, 0.5, 0.5, 0.5, 0.5, 0.5, 0.5, 0.5, 0.5, 0.5, 0.5, 0.5, 0.5
# C12 = 1.0, 1.0, 1.0, 1.0, 1.0, 1.0, 1.0, 1.0, 1.0, 1.0, 1.0, 1.0, 1.0, 1.0, 1.0, 1.0, 1.0, 1.0, 1.0,... 1.0, 1.0, 1.0, 1.0, 1.0, 1.0, 1.0, 1.0, 1.0, 1.0, 1.0, 1.0, 1.0, 1.0, 1.0, 1.0, 1.0, 1.0, 1.0, 1.0
# C14 = 1.0, 1.0, 1.0, 1.0, 1.0, 1.0, 1.0, 1.0, 1.0, 1.0, 1.0, 1.0, 1.0, 1.0, 1.0, 1.0, 1.0, 1.0, 1.0,... 1.0, 1.0, 1.0, 1.0, 1.0, 1.0, 1.0, 1.0, 1.0, 1.0, 1.0, 1.0, 1.0, 1.0, 1.0, 1.0, 1.0, 1.0, 1.0, 1.0
# C_wp2_pr_dfsn = 0.0, 0.0, 0.0, 0.0, 0.0, 0.0, 0.0, 0.0, 0.0, 0.0, 0.0, 0.0, 0.0, 0.0, 0.0, 0.0, 0.0,... 0.0, 0.0, 0.0, 0.0, 0.0, 0.0, 0.0, 0.0, 0.0, 0.0, 0.0, 0.0, 0.0, 0.0, 0.0, 0.0, 0.0, 0.0, 0.0, 0.0
# C_wp3_pr_tp = 0.0, 0.0, 0.0, 0.0, 0.0, 0.0, 0.0, 0.0, 0.0, 0.0, 0.0, 0.0, 0.0, 0.0, 0.0, 0.0, 0.0, 0... 0.0, 0.0, 0.0, 0.0, 0.0, 0.0, 0.0, 0.0, 0.0, 0.0, 0.0, 0.0, 0.0, 0.0, 0.0, 0.0, 0.0, 0.0, 0.0, 0.0
# C_wp3_pr_turb = 1.0, 1.0, 1.0, 1.0, 1.0, 1.0, 1.0, 1.0, 1.0, 1.0, 1.0, 1.0, 1.0, 1.0, 1.0, 1.0, 1.0,... 1.0, 1.0, 1.0, 1.0, 1.0, 1.0, 1.0, 1.0, 1.0, 1.0, 1.0, 1.0, 1.0, 1.0, 1.0, 1.0, 1.0, 1.0, 1.0, 1.0
# C_wp3_pr_dfsn = 0.0, 0.0, 0.0, 0.0, 0.0, 0.0, 0.0, 0.0, 0.0, 0.0, 0.0, 0.0, 0.0, 0.0, 0.0, 0.0, 0.0,... 0.0, 0.0, 0.0, 0.0, 0.0, 0.0, 0.0, 0.0, 0.0, 0.0, 0.0, 0.0, 0.0, 0.0, 0.0, 0.0, 0.0, 0.0, 0.0, 0.0
# C_wp2_splat = 0.0, 0.0, 0.0, 0.0, 0.0, 0.0, 0.0, 0.0, 0.0, 0.0, 0.0, 0.0, 0.0, 0.0, 0.0, 0.0, 0.0, 0... 0.0, 0.0, 0.0, 0.0, 0.0, 0.0, 0.0, 0.0, 0.0, 0.0, 0.0, 0.0, 0.0, 0.0, 0.0, 0.0, 0.0, 0.0, 0.0, 0.0
# C6rt_Lscale0 = 14.0, 14.0, 14.0, 14.0, 14.0, 14.0, 14.0, 14.0, 14.0, 14.0, 14.0, 14.0, 14.0, 14.0, 1...4.0, 14.0, 14.0, 14.0, 14.0, 14.0, 14.0, 14.0, 14.0, 14.0, 14.0, 14.0, 14.0, 14.0, 14.0, 14.0, 14.0
# C6thl_Lscale0 = 14.0, 14.0, 14.0, 14.0, 14.0, 14.0, 14.0, 14.0, 14.0, 14.0, 14.0, 14.0, 14.0, 14.0, ...4.0, 14.0, 14.0, 14.0, 14.0, 14.0, 14.0, 14.0, 14.0, 14.0, 14.0, 14.0, 14.0, 14.0, 14.0, 14.0, 14.0
# C7_Lscale0 = 0.85, 0.85, 0.85, 0.85, 0.85, 0.85, 0.85, 0.85, 0.85, 0.85, 0.85, 0.85, 0.85, 0.85, 0.8....85, 0.85, 0.85, 0.85, 0.85, 0.85, 0.85, 0.85, 0.85, 0.85, 0.85, 0.85, 0.85, 0.85, 0.85, 0.85, 0.85
# wpxp_L_thresh = 60.0, 60.0, 60.0, 60.0, 60.0, 60.0, 60.0, 60.0, 60.0, 60.0, 60.0, 60.0, 60.0, 60.0, ...0.0, 60.0, 60.0, 60.0, 60.0, 60.0, 60.0, 60.0, 60.0, 60.0, 60.0, 60.0, 60.0, 60.0, 60.0, 60.0, 60.0
# c_K = 0.2, 0.2, 0.2, 0.2, 0.2, 0.2, 0.2, 0.2, 0.2, 0.2, 0.2, 0.2, 0.2, 0.2, 0.2, 0.2, 0.2, 0.2, 0.2,... 0.2, 0.2, 0.2, 0.2, 0.2, 0.2, 0.2, 0.2, 0.2, 0.2, 0.2, 0.2, 0.2, 0.2, 0.2, 0.2, 0.2, 0.2, 0.2, 0.2
# c_K1 = 0.2, 0.2, 0.2, 0.2, 0.2, 0.2, 0.2, 0.2, 0.2, 0.2, 0.2, 0.2, 0.2, 0.2, 0.2, 0.2, 0.2, 0.2, 0.2... 0.2, 0.2, 0.2, 0.2, 0.2, 0.2, 0.2, 0.2, 0.2, 0.2, 0.2, 0.2, 0.2, 0.2, 0.2, 0.2, 0.2, 0.2, 0.2, 0.2
# nu1 = 20.0, 20.0, 20.0, 20.0, 20.0, 20.0, 20.0, 20.0, 20.0, 20.0, 20.0, 20.0, 20.0, 20.0, 20.0, 20.0...0.0, 20.0, 20.0, 20.0, 20.0, 20.0, 20.0, 20.0, 20.0, 20.0, 20.0, 20.0, 20.0, 20.0, 20.0, 20.0, 20.0
# c_K2 = 0.025, 0.025, 0.025, 0.025, 0.025, 0.025, 0.025, 0.025, 0.025, 0.025, 0.025, 0.025, 0.025, 0....5, 0.025, 0.025, 0.025, 0.025, 0.025, 0.025, 0.025, 0.025, 0.025, 0.025, 0.025, 0.025, 0.025, 0.025
# nu2 = 1.0, 1.0, 1.0, 1.0, 1.0, 1.0, 1.0, 1.0, 1.0, 1.0, 1.0, 1.0, 1.0, 1.0, 1.0, 1.0, 1.0, 1.0, 1.0,... 1.0, 1.0, 1.0, 1.0, 1.0, 1.0, 1.0, 1.0, 1.0, 1.0, 1.0, 1.0, 1.0, 1.0, 1.0, 1.0, 1.0, 1.0, 1.0, 1.0
# c_K6 = 0.375, 0.375, 0.375, 0.375, 0.375, 0.375, 0.375, 0.375, 0.375, 0.375, 0.375, 0.375, 0.375, 0....5, 0.375, 0.375, 0.375, 0.375, 0.375, 0.375, 0.375, 0.375, 0.375, 0.375, 0.375, 0.375, 0.375, 0.375
# nu6 = 5.0, 5.0, 5.0, 5.0, 5.0, 5.0, 5.0, 5.0, 5.0, 5.0, 5.0, 5.0, 5.0, 5.0, 5.0, 5.0, 5.0, 5.0, 5.0,... 5.0, 5.0, 5.0, 5.0, 5.0, 5.0, 5.0, 5.0, 5.0, 5.0, 5.0, 5.0, 5.0, 5.0, 5.0, 5.0, 5.0, 5.0, 5.0, 5.0
# c_K8 = 5.0, 5.0, 5.0, 5.0, 5.0, 5.0, 5.0, 5.0, 5.0, 5.0, 5.0, 5.0, 5.0, 5.0, 5.0, 5.0, 5.0, 5.0, 5.0... 5.0, 5.0, 5.0, 5.0, 5.0, 5.0, 5.0, 5.0, 5.0, 5.0, 5.0, 5.0, 5.0, 5.0, 5.0, 5.0, 5.0, 5.0, 5.0, 5.0
# nu8 = 20.0, 20.0, 20.0, 20.0, 20.0, 20.0, 20.0, 20.0, 20.0, 20.0, 20.0, 20.0, 20.0, 20.0, 20.0, 20.0...0.0, 20.0, 20.0, 20.0, 20.0, 20.0, 20.0, 20.0, 20.0, 20.0, 20.0, 20.0, 20.0, 20.0, 20.0, 20.0, 20.0
# c_K9 = 0.1, 0.1, 0.1, 0.1, 0.1, 0.1, 0.1, 0.1, 0.1, 0.1, 0.1, 0.1, 0.1, 0.1, 0.1, 0.1, 0.1, 0.1, 0.1... 0.1, 0.1, 0.1, 0.1, 0.1, 0.1, 0.1, 0.1, 0.1, 0.1, 0.1, 0.1, 0.1, 0.1, 0.1, 0.1, 0.1, 0.1, 0.1, 0.1
# nu9 = 10.0, 10.0, 10.0, 10.0, 10.0, 10.0, 10.0, 10.0, 10.0, 10.0, 10.0, 10.0, 10.0, 10.0, 10.0, 10.0...0.0, 10.0, 10.0, 10.0, 10.0, 10.0, 10.0, 10.0, 10.0, 10.0, 10.0, 10.0, 10.0, 10.0, 10.0, 10.0, 10.0
# nu10 = 0.0, 0.0, 0.0, 0.0, 0.0, 0.0, 0.0, 0.0, 0.0, 0.0, 0.0, 0.0, 0.0, 0.0, 0.0, 0.0, 0.0, 0.0, 0.0... 0.0, 0.0, 0.0, 0.0, 0.0, 0.0, 0.0, 0.0, 0.0, 0.0, 0.0, 0.0, 0.0, 0.0, 0.0, 0.0, 0.0, 0.0, 0.0, 0.0
# c_K_hm = 0.75, 0.75, 0.75, 0.75, 0.75, 0.75, 0.75, 0.75, 0.75, 0.75, 0.75, 0.75, 0.75, 0.75, 0.75, 0....75, 0.75, 0.75, 0.75, 0.75, 0.75, 0.75, 0.75, 0.75, 0.75, 0.75, 0.75, 0.75, 0.75, 0.75, 0.75, 0.75
# c_K_hmb = 0.75, 0.75, 0.75, 0.75, 0.75, 0.75, 0.75, 0.75, 0.75, 0.75, 0.75, 0.75, 0.75, 0.75, 0.75, ....75, 0.75, 0.75, 0.75, 0.75, 0.75, 0.75, 0.75, 0.75, 0.75, 0.75, 0.75, 0.75, 0.75, 0.75, 0.75, 0.75
# K_hm_min_coef = 0.1, 0.1, 0.1, 0.1, 0.1, 0.1, 0.1, 0.1, 0.1, 0.1, 0.1, 0.1, 0.1, 0.1, 0.1, 0.1, 0.1,... 0.1, 0.1, 0.1, 0.1, 0.1, 0.1, 0.1, 0.1, 0.1, 0.1, 0.1, 0.1, 0.1, 0.1, 0.1, 0.1, 0.1, 0.1, 0.1, 0.1
# nu_hm = 1.5, 1.5, 1.5, 1.5, 1.5, 1.5, 1.5, 1.5, 1.5, 1.5, 1.5, 1.5, 1.5, 1.5, 1.5, 1.5, 1.5, 1.5, 1.... 1.5, 1.5, 1.5, 1.5, 1.5, 1.5, 1.5, 1.5, 1.5, 1.5, 1.5, 1.5, 1.5, 1.5, 1.5, 1.5, 1.5, 1.5, 1.5, 1.5
# slope_coef_spread_DG_means_w = 21.0, 21.0, 21.0, 21.0, 21.0, 21.0, 21.0, 21.0, 21.0, 21.0, 21.0, 21....1.0, 21.0, 21.0, 21.0, 21.0, 21.0, 21.0, 21.0, 21.0, 21.0, 21.0, 21.0, 21.0, 21.0, 21.0, 21.0, 21.0
# pdf_component_stdev_factor_w = 1.0, 1.0, 1.0, 1.0, 1.0, 1.0, 1.0, 1.0, 1.0, 1.0, 1.0, 1.0, 1.0, 1.0,... 1.0, 1.0, 1.0, 1.0, 1.0, 1.0, 1.0, 1.0, 1.0, 1.0, 1.0, 1.0, 1.0, 1.0, 1.0, 1.0, 1.0, 1.0, 1.0, 1.0
# coef_spread_DG_means_rt = 0.8, 0.8, 0.8, 0.8, 0.8, 0.8, 0.8, 0.8, 0.8, 0.8, 0.8, 0.8, 0.8, 0.8, 0.8,... 0.8, 0.8, 0.8, 0.8, 0.8, 0.8, 0.8, 0.8, 0.8, 0.8, 0.8, 0.8, 0.8, 0.8, 0.8, 0.8, 0.8, 0.8, 0.8, 0.8
# coef_spread_DG_means_thl = 0.8, 0.8, 0.8, 0.8, 0.8, 0.8, 0.8, 0.8, 0.8, 0.8, 0.8, 0.8, 0.8, 0.8, 0.8... 0.8, 0.8, 0.8, 0.8, 0.8, 0.8, 0.8, 0.8, 0.8, 0.8, 0.8, 0.8, 0.8, 0.8, 0.8, 0.8, 0.8, 0.8, 0.8, 0.8
# beta = 0.5, 0.50293542074364, 0.5058708414872799, 0.5088062622309197, 0.5117416829745597, 0.51467710..., 1.9853228962818004, 1.9882583170254402, 1.99119373776908, 1.99412915851272, 1.99706457925636, 2.0
# gamma_coef = 0.25, 0.25, 0.25, 0.25, 0.25, 0.25, 0.25, 0.25, 0.25, 0.25, 0.25, 0.25, 0.25, 0.25, 0.2....25, 0.25, 0.25, 0.25, 0.25, 0.25, 0.25, 0.25, 0.25, 0.25, 0.25, 0.25, 0.25, 0.25, 0.25, 0.25, 0.25
# gamma_coefb = 0.25, 0.25, 0.25, 0.25, 0.25, 0.25, 0.25, 0.25, 0.25, 0.25, 0.25, 0.25, 0.25, 0.25, 0.....25, 0.25, 0.25, 0.25, 0.25, 0.25, 0.25, 0.25, 0.25, 0.25, 0.25, 0.25, 0.25, 0.25, 0.25, 0.25, 0.25
# gamma_coefc = 5.0, 5.0, 5.0, 5.0, 5.0, 5.0, 5.0, 5.0, 5.0, 5.0, 5.0, 5.0, 5.0, 5.0, 5.0, 5.0, 5.0, 5... 5.0, 5.0, 5.0, 5.0, 5.0, 5.0, 5.0, 5.0, 5.0, 5.0, 5.0, 5.0, 5.0, 5.0, 5.0, 5.0, 5.0, 5.0, 5.0, 5.0
# taumax = 3600.0, 3600.0, 3600.0, 3600.0, 3600.0, 3600.0, 3600.0, 3600.0, 3600.0, 3600.0, 3600.0, 360...0.0, 3600.0, 3600.0, 3600.0, 3600.0, 3600.0, 3600.0, 3600.0, 3600.0, 3600.0, 3600.0, 3600.0, 3600.0
# lmin_coef = 0.5, 0.5, 0.5, 0.5, 0.5, 0.5, 0.5, 0.5, 0.5, 0.5, 0.5, 0.5, 0.5, 0.5, 0.5, 0.5, 0.5, 0.5... 0.5, 0.5, 0.5, 0.5, 0.5, 0.5, 0.5, 0.5, 0.5, 0.5, 0.5, 0.5, 0.5, 0.5, 0.5, 0.5, 0.5, 0.5, 0.5, 0.5
# omicron = 0.5, 0.5, 0.5, 0.5, 0.5, 0.5, 0.5, 0.5, 0.5, 0.5, 0.5, 0.5, 0.5, 0.5, 0.5, 0.5, 0.5, 0.5, ... 0.5, 0.5, 0.5, 0.5, 0.5, 0.5, 0.5, 0.5, 0.5, 0.5, 0.5, 0.5, 0.5, 0.5, 0.5, 0.5, 0.5, 0.5, 0.5, 0.5
# zeta_vrnce_rat = 0.0, 0.0, 0.0, 0.0, 0.0, 0.0, 0.0, 0.0, 0.0, 0.0, 0.0, 0.0, 0.0, 0.0, 0.0, 0.0, 0.0... 0.0, 0.0, 0.0, 0.0, 0.0, 0.0, 0.0, 0.0, 0.0, 0.0, 0.0, 0.0, 0.0, 0.0, 0.0, 0.0, 0.0, 0.0, 0.0, 0.0
# upsilon_precip_frac_rat = 0.55, 0.55, 0.55, 0.55, 0.55, 0.55, 0.55, 0.55, 0.55, 0.55, 0.55, 0.55, 0.....55, 0.55, 0.55, 0.55, 0.55, 0.55, 0.55, 0.55, 0.55, 0.55, 0.55, 0.55, 0.55, 0.55, 0.55, 0.55, 0.55
# lambda0_stability_coef = 0.03, 0.03, 0.03, 0.03, 0.03, 0.03, 0.03, 0.03, 0.03, 0.03, 0.03, 0.03, 0.0....03, 0.03, 0.03, 0.03, 0.03, 0.03, 0.03, 0.03, 0.03, 0.03, 0.03, 0.03, 0.03, 0.03, 0.03, 0.03, 0.03
# mult_coef = 0.5, 0.5, 0.5, 0.5, 0.5, 0.5, 0.5, 0.5, 0.5, 0.5, 0.5, 0.5, 0.5, 0.5, 0.5, 0.5, 0.5, 0.5... 0.5, 0.5, 0.5, 0.5, 0.5, 0.5, 0.5, 0.5, 0.5, 0.5, 0.5, 0.5, 0.5, 0.5, 0.5, 0.5, 0.5, 0.5, 0.5, 0.5
# mu = 0.001, 0.001, 0.001, 0.001, 0.001, 0.001, 0.001, 0.001, 0.001, 0.001, 0.001, 0.001, 0.001, 0.00...1, 0.001, 0.001, 0.001, 0.001, 0.001, 0.001, 0.001, 0.001, 0.001, 0.001, 0.001, 0.001, 0.001, 0.001
# Lscale_mu_coef = 2.0, 2.0, 2.0, 2.0, 2.0, 2.0, 2.0, 2.0, 2.0, 2.0, 2.0, 2.0, 2.0, 2.0, 2.0, 2.0, 2.0... 2.0, 2.0, 2.0, 2.0, 2.0, 2.0, 2.0, 2.0, 2.0, 2.0, 2.0, 2.0, 2.0, 2.0, 2.0, 2.0, 2.0, 2.0, 2.0, 2.0
# Lscale_pert_coef = 0.1, 0.1, 0.1, 0.1, 0.1, 0.1, 0.1, 0.1, 0.1, 0.1, 0.1, 0.1, 0.1, 0.1, 0.1, 0.1, 0... 0.1, 0.1, 0.1, 0.1, 0.1, 0.1, 0.1, 0.1, 0.1, 0.1, 0.1, 0.1, 0.1, 0.1, 0.1, 0.1, 0.1, 0.1, 0.1, 0.1
# alpha_corr = 0.15, 0.15, 0.15, 0.15, 0.15, 0.15, 0.15, 0.15, 0.15, 0.15, 0.15, 0.15, 0.15, 0.15, 0.1....15, 0.15, 0.15, 0.15, 0.15, 0.15, 0.15, 0.15, 0.15, 0.15, 0.15, 0.15, 0.15, 0.15, 0.15, 0.15, 0.15
# Skw_denom_coef = 4.0, 4.0, 4.0, 4.0, 4.0, 4.0, 4.0, 4.0, 4.0, 4.0, 4.0, 4.0, 4.0, 4.0, 4.0, 4.0, 4.0... 4.0, 4.0, 4.0, 4.0, 4.0, 4.0, 4.0, 4.0, 4.0, 4.0, 4.0, 4.0, 4.0, 4.0, 4.0, 4.0, 4.0, 4.0, 4.0, 4.0
# c_K10 = 1.0, 1.0, 1.0, 1.0, 1.0, 1.0, 1.0, 1.0, 1.0, 1.0, 1.0, 1.0, 1.0, 1.0, 1.0, 1.0, 1.0, 1.0, 1.... 1.0, 1.0, 1.0, 1.0, 1.0, 1.0, 1.0, 1.0, 1.0, 1.0, 1.0, 1.0, 1.0, 1.0, 1.0, 1.0, 1.0, 1.0, 1.0, 1.0
# c_K10h = 1.0, 1.0, 1.0, 1.0, 1.0, 1.0, 1.0, 1.0, 1.0, 1.0, 1.0, 1.0, 1.0, 1.0, 1.0, 1.0, 1.0, 1.0, 1... 1.0, 1.0, 1.0, 1.0, 1.0, 1.0, 1.0, 1.0, 1.0, 1.0, 1.0, 1.0, 1.0, 1.0, 1.0, 1.0, 1.0, 1.0, 1.0, 1.0
# thlp2_rad_coef = 1.0, 1.0, 1.0, 1.0, 1.0, 1.0, 1.0, 1.0, 1.0, 1.0, 1.0, 1.0, 1.0, 1.0, 1.0, 1.0, 1.0... 1.0, 1.0, 1.0, 1.0, 1.0, 1.0, 1.0, 1.0, 1.0, 1.0, 1.0, 1.0, 1.0, 1.0, 1.0, 1.0, 1.0, 1.0, 1.0, 1.0
# thlp2_rad_cloud_frac_thresh = 0.1, 0.1, 0.1, 0.1, 0.1, 0.1, 0.1, 0.1, 0.1, 0.1, 0.1, 0.1, 0.1, 0.1, ... 0.1, 0.1, 0.1, 0.1, 0.1, 0.1, 0.1, 0.1, 0.1, 0.1, 0.1, 0.1, 0.1, 0.1, 0.1, 0.1, 0.1, 0.1, 0.1, 0.1
# up2_sfc_coef = 4.0, 4.0, 4.0, 4.0, 4.0, 4.0, 4.0, 4.0, 4.0, 4.0, 4.0, 4.0, 4.0, 4.0, 4.0, 4.0, 4.0, ... 4.0, 4.0, 4.0, 4.0, 4.0, 4.0, 4.0, 4.0, 4.0, 4.0, 4.0, 4.0, 4.0, 4.0, 4.0, 4.0, 4.0, 4.0, 4.0, 4.0
# Skw_max_mag = 10.0, 10.0, 10.0, 10.0, 10.0, 10.0, 10.0, 10.0, 10.0, 10.0, 10.0, 10.0, 10.0, 10.0, 10...0.0, 10.0, 10.0, 10.0, 10.0, 10.0, 10.0, 10.0, 10.0, 10.0, 10.0, 10.0, 10.0, 10.0, 10.0, 10.0, 10.0
# C_invrs_tau_bkgnd = 1.1, 1.1, 1.1, 1.1, 1.1, 1.1, 1.1, 1.1, 1.1, 1.1, 1.1, 1.1, 1.1, 1.1, 1.1, 1.1, ... 1.1, 1.1, 1.1, 1.1, 1.1, 1.1, 1.1, 1.1, 1.1, 1.1, 1.1, 1.1, 1.1, 1.1, 1.1, 1.1, 1.1, 1.1, 1.1, 1.1
# C_invrs_tau_sfc = 0.1, 0.1, 0.1, 0.1, 0.1, 0.1, 0.1, 0.1, 0.1, 0.1, 0.1, 0.1, 0.1, 0.1, 0.1, 0.1, 0.... 0.1, 0.1, 0.1, 0.1, 0.1, 0.1, 0.1, 0.1, 0.1, 0.1, 0.1, 0.1, 0.1, 0.1, 0.1, 0.1, 0.1, 0.1, 0.1, 0.1
# C_invrs_tau_shear = 0.15, 0.15, 0.15, 0.15, 0.15, 0.15, 0.15, 0.15, 0.15, 0.15, 0.15, 0.15, 0.15, 0.....15, 0.15, 0.15, 0.15, 0.15, 0.15, 0.15, 0.15, 0.15, 0.15, 0.15, 0.15, 0.15, 0.15, 0.15, 0.15, 0.15
# C_invrs_tau_N2 = 0.4, 0.4, 0.4, 0.4, 0.4, 0.4, 0.4, 0.4, 0.4, 0.4, 0.4, 0.4, 0.4, 0.4, 0.4, 0.4, 0.4... 0.4, 0.4, 0.4, 0.4, 0.4, 0.4, 0.4, 0.4, 0.4, 0.4, 0.4, 0.4, 0.4, 0.4, 0.4, 0.4, 0.4, 0.4, 0.4, 0.4
# C_invrs_tau_N2_wp2 = 0.2, 0.2, 0.2, 0.2, 0.2, 0.2, 0.2, 0.2, 0.2, 0.2, 0.2, 0.2, 0.2, 0.2, 0.2, 0.2,... 0.2, 0.2, 0.2, 0.2, 0.2, 0.2, 0.2, 0.2, 0.2, 0.2, 0.2, 0.2, 0.2, 0.2, 0.2, 0.2, 0.2, 0.2, 0.2, 0.2
# C_invrs_tau_N2_xp2 = 0.05, 0.05, 0.05, 0.05, 0.05, 0.05, 0.05, 0.05, 0.05, 0.05, 0.05, 0.05, 0.05, 0....05, 0.05, 0.05, 0.05, 0.05, 0.05, 0.05, 0.05, 0.05, 0.05, 0.05, 0.05, 0.05, 0.05, 0.05, 0.05, 0.05
# C_invrs_tau_N2_wpxp = 0.0, 0.0, 0.0, 0.0, 0.0, 0.0, 0.0, 0.0, 0.0, 0.0, 0.0, 0.0, 0.0, 0.0, 0.0, 0.0... 0.0, 0.0, 0.0, 0.0, 0.0, 0.0, 0.0, 0.0, 0.0, 0.0, 0.0, 0.0, 0.0, 0.0, 0.0, 0.0, 0.0, 0.0, 0.0, 0.0
# C_invrs_tau_N2_clear_wp3 = 1.0, 1.0, 1.0, 1.0, 1.0, 1.0, 1.0, 1.0, 1.0, 1.0, 1.0, 1.0, 1.0, 1.0, 1.0... 1.0, 1.0, 1.0, 1.0, 1.0, 1.0, 1.0, 1.0, 1.0, 1.0, 1.0, 1.0, 1.0, 1.0, 1.0, 1.0, 1.0, 1.0, 1.0, 1.0
# C_invrs_tau_wpxp_Ri = 0.35, 0.35, 0.35, 0.35, 0.35, 0.35, 0.35, 0.35, 0.35, 0.35, 0.35, 0.35, 0.35, ....35, 0.35, 0.35, 0.35, 0.35, 0.35, 0.35, 0.35, 0.35, 0.35, 0.35, 0.35, 0.35, 0.35, 0.35, 0.35, 0.35
# C_invrs_tau_wpxp_N2_thresh = 0.00033, 0.00033, 0.00033, 0.00033, 0.00033, 0.00033, 0.00033, 0.00033,..., 0.00033, 0.00033, 0.00033, 0.00033, 0.00033, 0.00033, 0.00033, 0.00033, 0.00033, 0.00033, 0.00033
# xp3_coef_base = 0.25, 0.25, 0.25, 0.25, 0.25, 0.25, 0.25, 0.25, 0.25, 0.25, 0.25, 0.25, 0.25, 0.25, ....25, 0.25, 0.25, 0.25, 0.25, 0.25, 0.25, 0.25, 0.25, 0.25, 0.25, 0.25, 0.25, 0.25, 0.25, 0.25, 0.25
# xp3_coef_slope = 0.01, 0.01, 0.01, 0.01, 0.01, 0.01, 0.01, 0.01, 0.01, 0.01, 0.01, 0.01, 0.01, 0.01,....01, 0.01, 0.01, 0.01, 0.01, 0.01, 0.01, 0.01, 0.01, 0.01, 0.01, 0.01, 0.01, 0.01, 0.01, 0.01, 0.01
# altitude_threshold = 100.0, 100.0, 100.0, 100.0, 100.0, 100.0, 100.0, 100.0, 100.0, 100.0, 100.0, 10...0, 100.0, 100.0, 100.0, 100.0, 100.0, 100.0, 100.0, 100.0, 100.0, 100.0, 100.0, 100.0, 100.0, 100.0
# rtp2_clip_coef = 0.5, 0.5, 0.5, 0.5, 0.5, 0.5, 0.5, 0.5, 0.5, 0.5, 0.5, 0.5, 0.5, 0.5, 0.5, 0.5, 0.5... 0.5, 0.5, 0.5, 0.5, 0.5, 0.5, 0.5, 0.5, 0.5, 0.5, 0.5, 0.5, 0.5, 0.5, 0.5, 0.5, 0.5, 0.5, 0.5, 0.5
# Richardson_num_min = 0.25, 0.25, 0.25, 0.25, 0.25, 0.25, 0.25, 0.25, 0.25, 0.25, 0.25, 0.25, 0.25, 0....25, 0.25, 0.25, 0.25, 0.25, 0.25, 0.25, 0.25, 0.25, 0.25, 0.25, 0.25, 0.25, 0.25, 0.25, 0.25, 0.25
# Richardson_num_max = 400.0, 400.0, 400.0, 400.0, 400.0, 400.0, 400.0, 400.0, 400.0, 400.0, 400.0, 40...0, 400.0, 400.0, 400.0, 400.0, 400.0, 400.0, 400.0, 400.0, 400.0, 400.0, 400.0, 400.0, 400.0, 400.0
# Cx_min = 0.33, 0.33, 0.33, 0.33, 0.33, 0.33, 0.33, 0.33, 0.33, 0.33, 0.33, 0.33, 0.33, 0.33, 0.33, 0....33, 0.33, 0.33, 0.33, 0.33, 0.33, 0.33, 0.33, 0.33, 0.33, 0.33, 0.33, 0.33, 0.33, 0.33, 0.33, 0.33
# Cx_max = 0.95, 0.95, 0.95, 0.95, 0.95, 0.95, 0.95, 0.95, 0.95, 0.95, 0.95, 0.95, 0.95, 0.95, 0.95, 0....95, 0.95, 0.95, 0.95, 0.95, 0.95, 0.95, 0.95, 0.95, 0.95, 0.95, 0.95, 0.95, 0.95, 0.95, 0.95, 0.95
# a3_coef_min = 1.0, 1.0, 1.0, 1.0, 1.0, 1.0, 1.0, 1.0, 1.0, 1.0, 1.0, 1.0, 1.0, 1.0, 1.0, 1.0, 1.0, 1... 1.0, 1.0, 1.0, 1.0, 1.0, 1.0, 1.0, 1.0, 1.0, 1.0, 1.0, 1.0, 1.0, 1.0, 1.0, 1.0, 1.0, 1.0, 1.0, 1.0
# a_const = 1.8, 1.8, 1.8, 1.8, 1.8, 1.8, 1.8, 1.8, 1.8, 1.8, 1.8, 1.8, 1.8, 1.8, 1.8, 1.8, 1.8, 1.8, ... 1.8, 1.8, 1.8, 1.8, 1.8, 1.8, 1.8, 1.8, 1.8, 1.8, 1.8, 1.8, 1.8, 1.8, 1.8, 1.8, 1.8, 1.8, 1.8, 1.8
# bv_efold = 5.0, 5.0, 5.0, 5.0, 5.0, 5.0, 5.0, 5.0, 5.0, 5.0, 5.0, 5.0, 5.0, 5.0, 5.0, 5.0, 5.0, 5.0,... 5.0, 5.0, 5.0, 5.0, 5.0, 5.0, 5.0, 5.0, 5.0, 5.0, 5.0, 5.0, 5.0, 5.0, 5.0, 5.0, 5.0, 5.0, 5.0, 5.0
# wpxp_Ri_exp = 0.5, 0.5, 0.5, 0.5, 0.5, 0.5, 0.5, 0.5, 0.5, 0.5, 0.5, 0.5, 0.5, 0.5, 0.5, 0.5, 0.5, 0... 0.5, 0.5, 0.5, 0.5, 0.5, 0.5, 0.5, 0.5, 0.5, 0.5, 0.5, 0.5, 0.5, 0.5, 0.5, 0.5, 0.5, 0.5, 0.5, 0.5
# z_displace = 25.0, 25.0, 25.0, 25.0, 25.0, 25.0, 25.0, 25.0, 25.0, 25.0, 25.0, 25.0, 25.0, 25.0, 25....5.0, 25.0, 25.0, 25.0, 25.0, 25.0, 25.0, 25.0, 25.0, 25.0, 25.0, 25.0, 25.0, 25.0, 25.0, 25.0, 25.0
# /
# 
# &silhs_params_nl
# importance_prob_thresh = 1.0e-8
# vert_decorr_coef = 0.03
# /
# &configurable_clubb_flags_nl
# iiPDF_type                   = 1
# ipdf_call_placement          = 2
# penta_solve_method           = 2
# tridiag_solve_method         = 2
# saturation_formula           = 3
# 
# l_godunov_upwind_wpxp_ta     = .false.,
# l_upwind_xpyp_ta             = .true.,
# l_godunov_upwind_xpyp_ta     = .false.,
# l_upwind_xm_ma               = .true.,
# l_tke_aniso                  = .true.,
# l_vert_avg_closure           = .false.,
# l_standard_term_ta           = .false.,
# l_partial_upwind_wp3         = .false.,
# l_use_cloud_cover            = .false.,
# l_rcm_supersat_adj           = .true.,
# l_damp_wp3_Skw_squared       = .true.,
# l_min_wp2_from_corr_wx       = .false.,
# l_min_xp2_from_corr_wx       = .true.,
# l_C2_cloud_frac              = .false.,
# l_predict_upwp_vpwp          = .true.,
# l_diag_Lscale_from_tau       = .false.,
# l_stability_correct_tau_zm   = .false.,
# l_damp_wp2_using_em          = .true.,
# l_use_C7_Richardson          = .true.,
# l_use_precip_frac            = .true.,
# l_do_expldiff_rtm_thlm       = .false.,
# l_use_C11_Richardson         = .false.,
# l_use_shear_Richardson       = .false.,
# l_prescribed_avg_deltaz      = .false.,
# l_diffuse_rtm_and_thlm       = .false.,
# l_stability_correct_Kh_N2_zm = .false.,
# l_trapezoidal_rule_zt        = .false.,
# l_trapezoidal_rule_zm        = .false.,
# l_call_pdf_closure_twice     = .false.,
# l_Lscale_plume_centered      = .false.,
# l_brunt_vaisala_freq_moist   = .false.,
# l_use_thvm_in_bv_freq        = .false.,
# l_lmm_stepping               = .false.,
# l_e3sm_config                = .false.,
# l_vary_convect_depth         = .false.,
# l_use_tke_in_wp3_pr_turb_term = .true.,
# l_use_tke_in_wp2_wp3_K_dfsn  = .false.,
# l_use_wp3_lim_with_smth_Heaviside = .false.,
# l_smooth_Heaviside_tau_wpxp  = .true.,
# l_modify_limiters_for_cnvg_test = .false.,
# l_enable_relaxed_clipping    = .false.,
# l_linearize_pbl_winds        = .false.,
# l_mono_flux_lim_thlm         = .true.,
# l_mono_flux_lim_rtm          = .true.,
# l_mono_flux_lim_um           = .true.,
# l_mono_flux_lim_vm           = .true.,
# l_mono_flux_lim_spikefix     = .true.,
# l_host_applies_sfc_fluxes    = .false.,
# l_wp2_fill_holes_tke         = .false.
# /
# 
# &configurable_silhs_flags_nl
# cluster_allocation_strategy = 3
# 
# l_lh_importance_sampling    = .true.
# l_Lscale_vert_avg           = .false.
# l_lh_straight_mc            = .false.
# l_lh_clustered_sampling     = .true.
# l_rcm_in_cloud_k_lh_start   = .true.
# l_random_k_lh_start         = .false.
# l_max_overlap_in_cloud      = .true.
# l_lh_instant_var_covar_src  = .true.
# l_lh_limit_weights          = .true.
# l_lh_var_frac               = .false.
# l_lh_normalize_weights      = .true.
# /
# 
# 
# 
# &model_setting
# 
# 
# 
# total_runs=1
# 
# runtype = "arm" 
# 
# 
# nzmax = 110       
# 
# grid_type = 1     
#                   
#                   
#                   
#                   
#                   
#                   
#                   
#                   
#                   
# 
# 
# 
# deltaz_nl  = 40.0    
# zm_init_nl = 0.0 
# zm_top_nl = 5350.0 
# 
# 
# 
# 
# 
# zt_grid_fname = ''
# 
# 
# 
# 
# 
# zm_grid_fname = ''
# 
# day   = 21    
# month = 6     
# year  = 1997  
# 
# lat_vals = 36.62  
# lon_vals = -97.5  
# 
# sfc_elevation_nl = 0.0     
# 
# time_initial = 41400.0  
# time_final = 93600.0    
# 
# dt_main    = 60.0   
# dt_rad = 60.0   
# 
# l_t_dependent = .true. 
#                        
# 
# 
# sfctype = 1      
#                  
#                  
#                  
#                  
#                  
# 
# p_sfc_nl = 970.e2    
# 
# fcor_nl = 8.5e-5    
# T0   = 300.      
# 
# 
# 
# 
# 
# 
# 
# 
# 
# thlm_sponge_damp_settings%l_sponge_damping = .false.
# thlm_sponge_damp_settings%tau_sponge_damp_min = 60. 
# thlm_sponge_damp_settings%tau_sponge_damp_max = 1800. 
# thlm_sponge_damp_settings%sponge_damp_depth = 0.25
# 
# rtm_sponge_damp_settings%l_sponge_damping = .false.
# rtm_sponge_damp_settings%tau_sponge_damp_min = 60. 
# rtm_sponge_damp_settings%tau_sponge_damp_max = 1800. 
# rtm_sponge_damp_settings%sponge_damp_depth = 0.25
# 
# uv_sponge_damp_settings%l_sponge_damping = .false.
# uv_sponge_damp_settings%tau_sponge_damp_min = 60. 
# uv_sponge_damp_settings%tau_sponge_damp_max = 1800. 
# uv_sponge_damp_settings%sponge_damp_depth = 0.25
# 
# l_restart      = .false.  
# 
# 
# restart_path_case  = "restart/arm"
# time_restart  = 0.0      
#                          
# 
# 
# 
# 
# 
# 
# debug_level = 0
# 
# 
# 
# 
# 
# sclr_dim   = 0  
# 
# iisclr_rt  = -1  
# iisclr_thl = -2 
# 
# sclr_tol_nl  = 1.e-2, 1.e-8 
# 
# 
# 
# 
# 
# edsclr_dim  = 0
# 
# iiedsclr_rt     = -1 
# iiedsclr_thl    = -2 
# 
# l_input_fields = .false.
# /
# 
# &gfdl_activation_setting
# 
# /
# 
# &microphysics_setting
# 
# 
# microphys_scheme = "none" 
# /
# 
# &radiation_setting
# 
# rad_scheme = "none",
# l_calc_thlp2_rad = .false.,
# /
# 
# &stats_setting
# 
# 
# 
# l_stats = .false.
# fname_prefix = "arm"    
# stats_tsamp  = 60.      
#                         
#                         
#                         
# stats_tout   = 60.      
# stats_fmt    = "netcdf"  
# 
# /
# 
# &setfields
# datafile = "../sam_benchmark_runs/ARM_96x96x110/GCSSARM_96x96x110_67m_40m_1s.nc"
# input_type = "SAM"  
# l_input_um = .true. 
# l_input_vm = .true.
# l_input_rtm = .true. 
# l_input_thlm = .true.
# l_input_wp2 = .true.
# l_input_wprtp = .true.
# l_input_wpthlp = .true.
# l_input_wp3 = .true.
# l_input_rtp2 = .true.
# l_input_thlp2 = .true.
# l_input_rtpthlp = .true.
# l_input_upwp = .true.
# l_input_vpwp = .true.
# l_input_rcm = .true.
# l_input_em = .true.
# l_input_p = .true.
# l_input_up2 = .true.
# l_input_vp2 = .true.
# /
# 
# 
# 
# 
# 
# 
# 
# 
# 
# 
# 
# 
# &statsnl
# 
# vars_zt = 
# 'thlm', 'thvm', 'rtm', 'rcm', 'rvm', 'um', 'vm', 'um_ref', 'vm_ref', 'wm_zt',
# 'ug', 'vg', 'cloud_frac', 'ice_supersat_frac', 'cloud_cover', 'rcm_in_layer',
# 'rcm_in_cloud', 'p_in_Pa', 'exner', 'rho_ds_zt', 'thv_ds_zt', 'Lscale', 'T_in_K',
# 'rel_humidity', 'wp3', 'thlp3', 'rtp3', 'wpthlp2', 'wp2thlp', 'wprtp2', 'wp2rtp', 'Skw_zt',
# 'Skthl_zt', 'Skrt_zt',
# 'Lscale_up', 'Lscale_down', 'tau_zt', 'Kh_zt', 'wp2thvp', 'wp2rcp', 'wp2hmp',
# 
# 'wprtpthlp', 'wpup2', 'wpvp2', 'rc_coef', 'Lscale_pert_1', 'Lscale_pert_2',
# 'sigma_sqd_w_zt', 'rho', 'radht', 'radht_LW', 'radht_SW',
# 'Ncm', 'Nc_in_cloud', 'Nc_activated', 'Nccnm', 'Nim', 'snowslope', 'Nsm', 'Ngm', 
# 'sed_rcm', 'rsat', 'rsati',
# 'rrm', 'Nrm', 'm_vol_rad_rain', 'm_vol_rad_cloud',
# 'eff_rad_cloud', 'eff_rad_ice', 'eff_rad_snow', 'eff_rad_rain', 'eff_rad_graupel',
# 'precip_rate_zt', 'rsm', 'rim', 'rgm',
# 'diam', 'mass_ice_cryst', 'rcm_icedfs', 'u_T_cm',
# 'rtm_bt', 'rtm_ma', 'rtm_ta', 'rtm_mfl', 'rtm_tacl', 'rtm_cl',
# 'rtm_forcing', 'rtm_sdmp', 'rtm_mc', 'rtm_pd', 'rvm_mc', 'rcm_mc', 'rcm_sd_mg_morr',
# 'thlm_bt', 'thlm_ma', 'thlm_ta', 'thlm_mfl', 'thlm_tacl', 'thlm_cl',
# 'thlm_forcing', 'thlm_sdmp', 'thlm_mc', 
# 'thlm_old', 'thlm_without_ta',
# 'thlm_mfl_min', 'thlm_mfl_max', 'thlm_enter_mfl', 'thlm_exit_mfl',
# 'rtm_old', 'rtm_without_ta',
# 'rtm_mfl_min', 'rtm_mfl_max', 'rtm_enter_mfl', 'rtm_exit_mfl',
# 'um_bt', 'um_ma', 'um_gf', 'um_cf', 'um_ta', 'um_f', 
# 'um_sdmp', 'um_ndg', 'um_mfl',
# 'vm_bt', 'vm_ma', 'vm_gf', 'vm_cf', 'vm_ta', 'vm_f', 
# 'vm_sdmp', 'vm_ndg', 'vm_mfl',
# 'wp3_bt', 'wp3_ma', 'wp3_ta', 'wp3_tp', 'wp3_ac', 'wp3_bp1', 'wp3_pr_turb', 'wp3_pr_dfsn',
# 'wp3_pr1', 'wp3_pr2', 'wp3_pr3', 'wp3_pr_tp', 'wp3_dp1', 'wp3_sdmp', 'wp3_cl', 'wp3_splat',
# 'rtp3_bt', 'rtp3_tp', 'rtp3_ac', 'rtp3_dp',
# 'thlp3_bt', 'thlp3_tp', 'thlp3_ac', 'thlp3_dp',
# 'rrm_bt', 'rrm_ma', 'rrm_sd', 'rrm_ts', 'rrm_sd_morr',
# 'rrm_ta', 'rrm_evap', 'rrm_auto', 'rrm_accr',
# 'rrm_evap_adj', 'rrm_src_adj',
# 'rrm_hf', 'rrm_wvhf', 'rrm_cl', 'rrm_mc',
# 'Nrm_bt', 'Nrm_ma', 'Nrm_sd', 'Nrm_ts', 'Nrm_ta', 'Nrm_evap', 'Nrm_auto',
# 'Nrm_evap_adj', 'Nrm_src_adj', 'Nrm_cl', 'Nrm_mc',
# 'Ncm_bt', 'Ncm_ma', 'Ncm_ta', 'Ncm_mc', 'Ncm_cl', 'Ncm_act',
# 'rsm_bt', 'rsm_ma', 'rsm_sd', 'rsm_sd_morr', 'rsm_ta', 'rsm_mc',
# 'rsm_hf', 'rsm_wvhf', 'rsm_cl',
# 'rim_bt', 'rim_ma', 'rim_sd', 'rim_sd_mg_morr', 'rim_ta', 'rim_mc',
# 'rim_hf', 'rim_wvhf', 'rim_cl',
# 'rgm_bt', 'rgm_ma', 'rgm_sd', 'rgm_sd_morr', 'rgm_ta',
# 'rgm_mc', 'rgm_hf', 'rgm_wvhf', 'rgm_cl',
# 'Nsm_bt', 'Nsm_mc', 'Nsm_ta', 'Nsm_ma', 'Nsm_sd', 'Nsm_cl', 
# 'Nim_bt', 'Nim_mc', 'Nim_ta', 'Nim_ma', 'Nim_sd', 'Nim_cl', 
# 'Ngm_bt', 'Ngm_mc', 'Ngm_ta', 'Ngm_ma', 'Ngm_sd', 'Ngm_cl',
# 'w_KK_evap_covar_zt', 'rt_KK_evap_covar_zt', 'thl_KK_evap_covar_zt', 
# 'w_KK_auto_covar_zt', 'rt_KK_auto_covar_zt', 'thl_KK_auto_covar_zt', 
# 'w_KK_accr_covar_zt', 'rt_KK_accr_covar_zt', 'thl_KK_accr_covar_zt',
# 'rr_KK_mvr_covar_zt', 'Nr_KK_mvr_covar_zt', 'KK_mvr_variance_zt',
# 'mixt_frac', 'w_1', 'w_2', 'varnce_w_1', 'varnce_w_2', 'thl_1', 'thl_2', 'varnce_thl_1', 'varnce_thl_2',
# 'rt_1', 'rt_2', 'varnce_rt_1', 'varnce_rt_2', 'rc_1', 'rc_2', 'rsatl_1', 'rsatl_2', 
# 'cloud_frac_1', 'cloud_frac_2', 'a3_coef_zt', 'wp3_on_wp2_zt',
# 'chi_1', 'chi_2', 'stdev_chi_1', 'stdev_chi_2', 'stdev_eta_1', 'stdev_eta_2',
# 'covar_chi_eta_1', 'covar_chi_eta_2', 'corr_w_chi_1', 'corr_w_chi_2',
# 'corr_w_eta_1', 'corr_w_eta_2', 'corr_chi_eta_1', 'corr_chi_eta_2',
# 'corr_w_rt_1', 'corr_w_rt_2', 'corr_w_thl_1', 'corr_w_thl_2',
# 'corr_rt_thl_1', 'corr_rt_thl_2', 'crt_1', 'crt_2', 'cthl_1', 'cthl_2',
# 'coef_wprtp2_implicit', 'term_wprtp2_explicit',
# 'coef_wpthlp2_implicit', 'term_wpthlp2_explicit',
# 'coef_wprtpthlp_implicit', 'term_wprtpthlp_explicit',
# 'coef_wp2rtp_implicit', 'term_wp2rtp_explicit',
# 'coef_wp2thlp_implicit', 'term_wp2thlp_explicit',
# 'hm_i', 'precip_frac', 'precip_frac_1', 'precip_frac_2', 'Ncnm',
# 'mu_hm_i', 'mu_Ncn_i',
# 'sigma_hm_i', 'sigma_Ncn_i',
# 'corr_w_chi_1_ca', 'corr_w_chi_2_ca', 'corr_w_eta_1_ca', 'corr_w_eta_2_ca',
# 'corr_w_hm_i', 'corr_w_Ncn_i', 'corr_chi_eta_1_ca', 'corr_chi_eta_2_ca',
# 'corr_chi_hm_i', 'corr_chi_Ncn_i', 'corr_eta_hm_i', 'corr_eta_Ncn_i',
# 'corr_Ncn_hm_i', 'corr_hmx_hmy_i',
# 
# 
# 'chi', 'chip2', 'C11_Skw_fnc',
# 'wp2_zt', 'thlp2_zt', 'wpthlp_zt', 'wprtp_zt', 'rtp2_zt', 'rtpthlp_zt',
# 'up2_zt', 'vp2_zt', 'upwp_zt', 'vpwp_zt', 'hmp2_zt',
# 
# 'PSMLT', 'EVPMS', 'PRACS', 'EVPMG', 'PRACG',
# 'PGMLT', 'MNUCCC', 'PSACWS', 'PSACWI', 'QMULTS',
# 'QMULTG', 'PSACWG', 'PGSACW', 'PRD', 'PRCI', 
# 'PRAI', 'QMULTR', 'QMULTRG', 'MNUCCD', 'PRACI', 
# 'PRACIS', 'EPRD', 'MNUCCR', 'PIACR', 'PIACRS',
# 'PGRACS', 'PRDS', 'EPRDS', 'PSACR', 'PRDG', 'EPRDG',
# 'NGSTEN', 'NRSTEN', 'NISTEN', 'NSSTEN', 'NCSTEN', 'NPRC1', 'NRAGG',
# 'NPRACG', 'NSUBR', 'NSMLTR', 'NGMLTR', 'NPRACS', 'NNUCCR', 'NIACR',
# 'NIACRS', 'NGRACS', 'NSMLTS', 'NSAGG', 'NPRCI', 'NSCNG', 'NSUBS', 'PRC', 'PRA',
# 'PRE', 'PCC', 'NNUCCC', 'NPSACWS', 'NPRA', 'NPRC', 'NPSACWI', 'NPSACWG',
# 'NPRAI', 'NMULTS', 'NMULTG', 'NMULTR', 'NMULTRG', 'NNUCCD', 'NSUBI',
# 'NGMLTG', 'NSUBG', 'NACT', 'SIZEFIX_NR', 'SIZEFIX_NC', 'SIZEFIX_NI',
# 'SIZEFIX_NS', 'SIZEFIX_NG', 'NEGFIX_NR', 'NEGFIX_NC', 'NEGFIX_NI', 'NEGFIX_NS', 
# 'NEGFIX_NG', 'NIM_MORR_CL', 'QC_INST', 'QR_INST', 'QI_INST', 'QS_INST', 'QG_INST',
# 'NC_INST', 'NR_INST', 'NI_INST', 'NS_INST', 'NG_INST', 'T_in_K_mc', 'cloud_frac_refined',
# 'rcm_refined', 'hl_on_Cp_residual', 'qto_residual',
# ''
# 
# vars_lh_zt =
# 'AKm', 'lh_AKm', 'AKstd', 'AKstd_cld', 'AKm_rcm', 'AKm_rcc',
# 'lh_thlm_mc', 'lh_rvm_mc', 'lh_rcm_mc', 'lh_Ncm_mc', 'lh_rrm_mc', 'lh_Nrm_mc',
# 'lh_rsm_mc', 'lh_Nsm_mc', 'lh_rgm_mc', 'lh_Ngm_mc', 'lh_rim_mc', 'lh_Nim_mc',
# 'lh_Vrr', 'lh_VNr', 'lh_rrm', 'lh_rim', 'lh_rsm', 'lh_rgm',
# 'lh_thlm', 'lh_rcm', 'lh_rvm', 'lh_wm', 'lh_rcp2_zt', 'lh_rrp2_zt', 
# 'lh_Nrp2_zt', 'lh_Ncp2_zt', 'lh_Ncnp2_zt', 'lh_wp2_zt', 'lh_cloud_frac',
# 'lh_chi', 'lh_eta', 'lh_chip2', 'lh_rtp2_zt', 'lh_thlp2_zt',
# 'lh_Nrm', 'lh_Nim', 'lh_Ncnm', 'lh_Ncm', 'lh_Ngm', 'lh_Nsm',
# 'lh_rcm_avg', 'lh_rrm_auto', 'lh_rrm_accr', 'lh_rrm_evap',
# 'lh_Nrm_auto', 'lh_Nrm_evap', 'lh_rrm_src_adj', 'lh_rrm_evap_adj',
# 'lh_Nrm_src_adj', 'lh_Nrm_evap_adj', 'lh_precip_frac', 'lh_mixt_frac',
# 
# 'lh_m_vol_rad_rain',
# ''
# 
# vars_lh_sfc =
# 'lh_morr_snow_rate', 'lh_lwp', 'lh_vwp', 'k_lh_start',
# 'lh_sample_weights_sum', 'lh_sample_weights_avg',
# ''
# 
# vars_zm = 
# 'wp2', 'rtp2', 'thlp2', 'rtpthlp', 'wprtp', 'wpthlp', 'wp2up2', 'wp2vp2', 'wp4',
# 'up2', 'vp2', 'Skw_zm', 'Skthl_zm', 'Skrt_zm',
# 'wpthvp', 'rtpthvp', 'thlpthvp', 'tau_zm', 'Kh_zm', 'K_hm', 'wprcp', 'rc_coef_zm', 'wm_zm',
# 'thlprcp', 'rtprcp', 'rcp2', 'upwp', 'vpwp',
# 'upthlp', 'uprtp', 'vpthlp', 'vprtp',
# 'upthvp', 'uprcp', 'vpthvp', 'vprcp',
# 'rho_zm', 'sigma_sqd_w', 'Skw_velocity',
# 'gamma_Skw_fnc', 'coef_wp4_implicit', 'C6rt_Skw_fnc', 'C6thl_Skw_fnc', 'C6_term',
# 'C7_Skw_fnc', 'C1_Skw_fnc', 'a3_coef', 'wp3_on_wp2', 'wp3_on_wp2_cfl_num', 'rcm_zm', 'rtm_zm',
# 'thlm_zm', 'cloud_frac_zm', 'ice_supersat_frac_zm', 'rho_ds_zm', 'thv_ds_zm',
# 'em', 'mean_w_up', 'mean_w_down', 'shear', 'wp3_zm', 'thlp3_zm', 'rtp3_zm',
# 'w_1_zm', 'w_2_zm', 'varnce_w_1_zm', 'varnce_w_2_zm', 'mixt_frac_zm',
# 'Frad', 'Frad_LW', 'Frad_SW', 'Frad_LW_up', 'Frad_SW_up', 'Frad_LW_down', 'Frad_SW_down',
# 'Fprec', 'Fcsed',
# 'hydrometp2', 'wphydrometp', 'rtphmp', 'thlphmp', 'hmxphmyp',
# 'Vri', 'VNi', 'Vrc', 'VNc', 'Vrr', 'VNr', 'Vrs', 'VNs', 'Vrg',
# 'Vrrprrp', 'VNrpNrp', 'Vrrprrp_expcalc', 'VNrpNrp_expcalc',
# 'wp2_bt', 'wp2_ma', 'wp2_ta', 'wp2_ac', 'wp2_bp', 'wp2_pr1', 'wp2_pr2',
# 'wp2_pr3', 'wp2_pr_dfsn', 'wp2_dp1', 'wp2_dp2', 'wp2_sdmp',
# 'wp2_cl', 'wp2_pd', 'wp2_sf', 'wp2_splat',
# 'vp2_bt', 'vp2_ma', 'vp2_ta', 'vp2_tp', 'vp2_dp1', 'vp2_dp2',
# 'vp2_pr1', 'vp2_pr2', 'vp2_sdmp', 'vp2_cl', 'vp2_pd', 'vp2_sf', 'vp2_splat',
# 'up2_bt', 'up2_ma', 'up2_ta', 'up2_tp', 'up2_dp1', 'up2_dp2',
# 'up2_pr1', 'up2_pr2', 'up2_sdmp', 'up2_cl', 'up2_pd', 'up2_sf', 'up2_splat',
# 'upwp_bt', 'upwp_ma', 'upwp_ta', 'upwp_tp', 'upwp_ac', 'upwp_bp', 'upwp_pr1',
# 'upwp_pr2', 'upwp_pr3', 'upwp_pr4', 'upwp_dp1', 'upwp_mfl', 'upwp_cl',
# 'vpwp_bt', 'vpwp_ma', 'vpwp_ta', 'vpwp_tp', 'vpwp_ac', 'vpwp_bp', 'vpwp_pr1',
# 'vpwp_pr2', 'vpwp_pr3', 'vpwp_pr4', 'vpwp_dp1', 'vpwp_mfl', 'vpwp_cl',
# 'wprtp_bt', 'wprtp_ma', 'wprtp_ta', 'wprtp_tp', 'wprtp_ac',
# 'wprtp_bp', 'wprtp_pr1', 'wprtp_pr2', 'wprtp_pr3', 'wprtp_dp1',
# 'wprtp_mfl', 'wprtp_cl', 'wprtp_pd', 'wprtp_forcing', 'wprtp_mc',
# 'wpthlp_bt', 'wpthlp_ma', 'wpthlp_ta', 'wpthlp_tp', 'wpthlp_ac',
# 'wpthlp_bp', 'wpthlp_pr1', 'wpthlp_pr2', 'wpthlp_pr3', 'wpthlp_dp1',
# 'wpthlp_mfl', 'wpthlp_cl', 'wpthlp_forcing', 'wpthlp_mc',
# 'rtp2_bt', 'rtp2_ma', 'rtp2_ta', 'rtp2_tp',
# 'rtp2_dp1', 'rtp2_dp2', 'rtp2_cl', 'rtp2_pd', 'rtp2_sf', 'rtp2_forcing', 'rtp2_mc',
# 'thlp2_bt', 'thlp2_ma', 'thlp2_ta', 'thlp2_tp',
# 'thlp2_dp1', 'thlp2_dp2', 'thlp2_cl', 'thlp2_pd', 'thlp2_sf', 'thlp2_forcing', 'thlp2_mc',
# 'rtpthlp_bt', 'rtpthlp_ma', 'rtpthlp_ta', 'rtpthlp_tp1', 'rtpthlp_tp2',
# 'rtpthlp_dp1', 'rtpthlp_dp2', 'rtpthlp_cl', 'rtpthlp_sf', 'rtpthlp_forcing', 'rtpthlp_mc',
# 'wpthlp_enter_mfl', 'wpthlp_exit_mfl', 'wprtp_enter_mfl', 'wprtp_exit_mfl',
# 'wpthlp_mfl_min', 'wpthlp_mfl_max', 'wprtp_mfl_min', 'wprtp_mfl_max',
# 
# 
# 'stability_correction',
# 
# 'bv_freq_sqd', 'bv_freq_sqd_splat', 'bv_freq_sqd_mixed', 'bv_freq_sqd_moist', 'bv_freq_sqd_dry',
# 'bv_freq_sqd_smth', 'bv_freq_out_cloud', 'bv_freq_pos', 'ddzt_umvm_sqd', 'invrs_tau_zm',
# 'invrs_tau_xp2_zm', 'invrs_tau_wp2_zm', 'invrs_tau_wpxp_zm', 'invrs_tau_wp3_zm',
# 'invrs_tau_no_N2_zm', 'invrs_tau_bkgnd', 'invrs_tau_sfc', 'invrs_tau_shear', 'Ri_zm',
# ''
# 
# vars_rad_zt =
# 'T_in_K_rad', 'rcil_rad', 'o3l_rad', 'rsm_rad', 'rcm_in_cloud_rad',
# 'cloud_frac_rad', 'ice_supersat_frac_rad', 'radht_rad', 'radht_SW_rad', 'radht_LW_rad',
# 'p_in_mb_rad', 'sp_humidity_rad',
# ''
# 
# 
# vars_rad_zm =
# 'Frad_SW_rad', 'Frad_LW_rad', 'Frad_SW_up_rad', 'Frad_LW_up_rad', 'Frad_SW_down_rad', 'Frad_LW_down_rad',
# 'fulwcl', 'fdlwcl', 'fdswcl', 'fuswcl',
# ''
# 
# vars_sfc = 
# 'ustar', 'soil_heat_flux', 'veg_T_in_K', 'sfc_soil_T_in_K', 'deep_soil_T_in_K', 
# 'lh', 'sh', 'cc', 'lwp', 'vwp',
# 'swp', 'iwp', 'rwp', 'z_cloud_base', 'z_inversion', 'precip_rate_sfc',
# 'rain_flux_sfc', 'rrm_sfc', 'precip_frac_tol', 
# 'wpthlp_sfc', 'wprtp_sfc', 'upwp_sfc', 'vpwp_sfc',
# 'morr_snow_rate',
# 'thlm_vert_avg', 'rtm_vert_avg', 'um_vert_avg', 'vm_vert_avg', 
# 'wp2_vert_avg', 'up2_vert_avg', 'vp2_vert_avg', 'rtp2_vert_avg', 
# 'thlp2_vert_avg', 'T_sfc', 
# 'rtm_spur_src', 'thlm_spur_src',
# 
# 
# 'rs_sd_morr_int',
# 'tot_vartn_normlzd_rtm', 'tot_vartn_normlzd_thlm', 'tot_vartn_normlzd_wprtp',
# ''
# 
# /
